Geography,Estimate; Some college or associate's degree:,Margin of Error; Some college or associate's degree:,Estimate; Some college or associate's degree: - In labor force:,Margin of Error; Some college or associate's degree: - In labor force:,Estimate; Some college or associate's degree: - In labor force: - In Armed Forces,Margin of Error; Some college or associate's degree: - In labor force: - In Armed Forces,Estimate; Some college or associate's degree: - In labor force: - Civilian:,Margin of Error; Some college or associate's degree: - In labor force: - Civilian:,Estimate; Some college or associate's degree: - In labor force: - Civilian: - Employed,Margin of Error; Some college or associate's degree: - In labor force: - Civilian: - Employed,Estimate; Some college or associate's degree: - In labor force: - Civilian: - Unemployed,Margin of Error; Some college or associate's degree: - In labor force: - Civilian: - Unemployed,Estimate; Some college or associate's degree: - Not in labor force,Margin of Error; Some college or associate's degree: - Not in labor force,Estimate; Bachelor's degree or higher:,Margin of Error; Bachelor's degree or higher:,Estimate; Bachelor's degree or higher: - In labor force:,Margin of Error; Bachelor's degree or higher: - In labor force:,Estimate; Bachelor's degree or higher: - In labor force: - In Armed Forces,Margin of Error; Bachelor's degree or higher: - In labor force: - In Armed Forces,Estimate; Bachelor's degree or higher: - In labor force: - Civilian:,Margin of Error; Bachelor's degree or higher: - In labor force: - Civilian:,Estimate; Bachelor's degree or higher: - In labor force: - Civilian: - Employed,Margin of Error; Bachelor's degree or higher: - In labor force: - Civilian: - Employed,Estimate; Bachelor's degree or higher: - In labor force: - Civilian: - Unemployed,Margin of Error; Bachelor's degree or higher: - In labor force: - Civilian: - Unemployed,Estimate; Bachelor's degree or higher: - Not in labor force,Margin of Error; Bachelor's degree or higher: - Not in labor force
"Abilene, TX Metro Area",26269,2060,20430,2075,705,307,19725,1978,18421,1902,1304,789,5839,1059,17121,1794,13488,1627,579,347,12909,1564,12770,1557,139,137,3633,826
"Akron, OH Metro Area",111011,4257,86994,3887,123,119,86871,3903,79172,3642,7699,1392,24017,2060,111631,4626,97736,4244,43,70,97693,4241,94492,4200,3201,888,13895,1627
"Albany, GA Metro Area",27819,2214,21299,2015,105,138,21194,2014,18370,1721,2824,751,6520,1146,14897,1703,12298,1634,247,249,12051,1611,11493,1472,558,507,2599,678
"Albany-Schenectady-Troy, NY Metro Area",151290,5266,126758,4999,756,367,126002,5036,117400,4846,8602,1613,24532,2581,169635,5509,146744,5174,572,510,146172,5083,142431,5036,3741,887,22891,1945
"Albuquerque, NM Metro Area",164901,6677,122337,6089,617,293,121720,6040,113275,5529,8445,1810,42564,4068,141511,5763,120155,5273,1179,623,118976,5222,114318,5071,4658,986,21356,2336
"Alexandria, LA Metro Area",24441,2246,17705,2042,468,466,17237,2084,16218,2003,1019,489,6736,1146,14394,1714,12147,1763,99,157,12048,1784,11963,1768,85,87,2247,662
"Allentown-Bethlehem-Easton, PA-NJ Metro Area",127399,4350,105351,4266,23,40,105328,4265,98521,4158,6807,1253,22048,2042,127213,4979,112551,4509,94,135,112457,4517,107986,4499,4471,898,14662,1657
"Altoona, PA Metro Area",15933,1519,12272,1384,40,67,12232,1368,11255,1328,977,467,3661,763,13692,1365,11743,1296,0,165,11743,1296,11443,1273,300,227,1949,608
"Amarillo, TX Metro Area",48058,2956,37277,2775,30,54,37247,2769,35824,2775,1423,707,10781,1410,28336,2834,24642,2406,45,59,24597,2404,24197,2434,400,263,3694,927
"Ames, IA Metro Area",11167,1309,9434,1217,12,20,9422,1216,9254,1229,168,182,1733,507,20301,1600,18138,1560,33,54,18105,1566,17403,1575,702,487,2163,563
"Anchorage, AK Metro Area",78494,3417,63125,3321,2847,690,60278,3354,56814,3231,3464,1081,15369,2092,68469,3652,60039,3322,1047,472,58992,3277,57216,3320,1776,571,8430,1494
"Anderson, IN Metro Area",23102,1973,18196,1842,0,184,18196,1842,16729,1816,1467,601,4906,1119,12527,1324,10691,1171,0,184,10691,1171,10398,1143,293,211,1836,493
"Anderson, SC Metro Area",31974,2764,25394,2455,0,197,25394,2455,23833,2518,1561,775,6580,1227,20651,2586,17493,2240,0,197,17493,2240,16163,2160,1330,680,3158,870
"Ann Arbor, MI Metro Area",48836,2788,36963,2655,0,161,36963,2655,33535,2709,3428,853,11873,1493,93133,3372,79430,3318,24,42,79406,3323,77007,3244,2399,551,13703,1317
"Anniston-Oxford, AL Metro Area",19609,1909,15059,1831,28,48,15031,1830,12942,1801,2089,748,4550,978,9806,1721,7855,1532,121,195,7734,1545,7515,1500,219,159,1951,731
"Appleton, WI Metro Area",42769,2507,36481,2523,0,145,36481,2523,35125,2515,1356,453,6288,1094,38310,2732,34022,2618,0,145,34022,2618,33382,2586,640,308,4288,863
"Asheville, NC Metro Area",75560,4461,59976,3678,192,318,59784,3758,55616,3511,4168,1083,15584,1903,69904,4053,59231,3735,0,193,59231,3735,56758,3725,2473,940,10673,1475
"Athens-Clarke County, GA Metro Area",22310,2030,16994,1910,160,188,16834,1916,15840,1813,994,437,5316,1089,32861,2488,27047,2239,0,208,27047,2239,26316,2199,731,405,5814,1331
"Atlanta-Sandy Springs-Marietta, GA Metro Area",859542,14986,692888,14479,1550,603,691338,14402,622432,13569,68906,4839,166654,5970,1101596,16086,949286,14929,2257,828,947029,15005,894417,14907,52612,4459,152310,6657
"Atlantic City-Hammonton, NJ Metro Area",38282,2799,32301,2635,25,42,32276,2639,28943,2557,3333,1000,5981,1020,38993,3031,33224,2840,402,408,32822,2815,30868,2643,1954,725,5769,1255
"Auburn-Opelika, AL Metro Area",18751,2334,14209,1823,491,457,13718,1807,12663,1782,1055,605,4542,1145,24506,2266,20348,2052,481,372,19867,1968,19465,1961,402,332,4158,1166
"Augusta-Richmond County, GA-SC Metro Area",99876,4578,74053,3689,3462,1091,70591,3542,64622,3546,5969,1129,25823,2398,75058,4268,61856,3938,1588,514,60268,3931,57623,3745,2645,915,13202,1716
"Austin-Round Rock-San Marcos, TX Metro Area",289739,8335,240071,8255,801,502,239270,8332,225882,8367,13388,2164,49668,3243,416958,9032,361361,9386,710,501,360651,9408,347129,9043,13522,2020,55597,3824
"Bakersfield-Delano, CA Metro Area",134511,5491,96490,5368,407,219,96083,5364,86829,5377,9254,2065,38021,3339,65007,4684,52674,4146,276,141,52398,4157,50264,4115,2134,712,12333,1836
"Baltimore-Towson, MD Metro Area",410005,8593,336496,8421,5651,1249,330845,8199,304070,7943,26775,2445,73509,3728,580909,8599,517186,8481,4486,929,512700,8572,496593,8337,16107,2167,63723,4154
"Bangor, ME Metro Area",26262,1896,20619,1829,108,110,20511,1828,19219,1825,1292,516,5643,1106,19671,2046,17390,1939,179,261,17211,1940,16790,1973,421,280,2281,640
"Barnstable Town, MA Metro Area",33707,2566,27430,2230,127,157,27303,2223,26120,2152,1183,508,6277,1395,43339,3000,36070,2730,329,327,35741,2775,34032,2702,1709,548,7269,1309
"Baton Rouge, LA Metro Area",118477,5829,92374,5711,405,313,91969,5736,86781,5510,5188,1276,26103,2850,118678,5420,100601,5221,156,165,100445,5228,97574,5118,2871,771,18077,2174
"Battle Creek, MI Metro Area",26196,1943,20752,1684,26,44,20726,1677,19389,1600,1337,465,5444,1022,15212,1558,12498,1435,42,68,12456,1433,11962,1453,494,291,2714,776
"Bay City, MI Metro Area",21758,1814,17327,1671,0,161,17327,1671,16233,1701,1094,470,4431,701,10726,1269,9362,1190,0,161,9362,1190,9054,1159,308,215,1364,415
"Beaumont-Port Arthur, TX Metro Area",68716,4281,49916,3953,0,206,49916,3953,45980,3701,3936,945,18800,2097,36121,2938,30394,2452,0,206,30394,2452,28889,2449,1505,750,5727,1152
"Bellingham, WA Metro Area",39408,2648,30467,2310,6,13,30461,2311,28026,2212,2435,865,8941,1661,33341,2794,29002,2677,0,192,29002,2677,27547,2606,1455,656,4339,1050
"Bend, OR Metro Area",32416,3131,23976,2845,207,339,23769,2822,21430,2666,2339,736,8440,1634,28779,2637,21860,2411,0,193,21860,2411,20081,2309,1779,922,6919,1444
"Billings, MT Metro Area",32734,2065,27077,2081,52,91,27025,2079,26437,2020,588,304,5657,1006,24419,1915,21715,1841,59,100,21656,1841,21165,1819,491,411,2704,619
"Binghamton, NY Metro Area",42392,2818,33735,2629,0,185,33735,2629,31692,2496,2043,608,8657,1324,38040,2956,32669,2549,0,185,32669,2549,31301,2500,1368,645,5371,1122
"Birmingham-Hoover, AL Metro Area",203686,7212,151880,6134,183,169,151697,6112,140271,6125,11426,1782,51806,3701,182348,5496,154699,4814,400,274,154299,4859,149648,4771,4651,1027,27649,2660
"Bismarck, ND Metro Area",22785,1538,19635,1494,204,221,19431,1515,18787,1552,644,455,3150,572,20955,1710,18642,1615,66,108,18576,1622,18480,1617,96,164,2313,706
"Blacksburg-Christiansburg-Radford, VA Metro Area",21623,2321,16522,2012,0,192,16522,2012,15294,1965,1228,562,5101,1243,24758,2115,20318,2268,106,130,20212,2268,19767,2254,445,296,4440,1167
"Bloomington, IN Metro Area",26641,2216,21025,2060,0,184,21025,2060,20077,2110,948,417,5616,1293,30758,2494,25224,2116,0,184,25224,2116,23815,2108,1409,731,5534,1021
"Bloomington-Normal, IL Metro Area",23267,1549,20023,1679,327,284,19696,1722,18795,1732,901,348,3244,632,39224,2130,35133,2093,0,179,35133,2093,34329,2149,804,383,4091,782
"Boise City-Nampa, ID Metro Area",123495,5932,96513,5216,235,297,96278,5223,88578,4911,7700,1849,26982,2808,102550,6055,87949,5781,146,149,87803,5779,84310,5848,3493,1230,14601,1671
"Boston-Cambridge-Quincy, MA-NH Metro Area",605070,13954,501407,12599,749,330,500658,12595,465663,12059,34995,2988,103663,5035,1184950,13670,1046048,13410,1442,639,1044606,13423,1000552,13388,44054,3583,138902,5529
"Boulder, CO Metro Area",37690,3109,31041,2612,47,80,30994,2619,28967,2363,2027,747,6649,1446,97408,3689,84640,3501,0,189,84640,3501,81863,3493,2777,737,12768,1360
"Bowling Green, KY Metro Area",19648,2029,15935,1925,0,181,15935,1925,14947,1908,988,550,3713,928,15478,1591,13334,1557,0,181,13334,1557,12830,1549,504,264,2144,625
"Bremerton-Silverdale, WA Metro Area",58314,3165,43159,2831,4730,1081,38429,2743,34799,2584,3630,1048,15155,1937,39776,2984,33544,2821,2033,685,31511,2654,29979,2645,1532,608,6232,1145
"Bridgeport-Stamford-Norwalk, CT Metro Area",113345,5325,93871,4980,78,131,93793,4965,84203,4703,9590,1766,19474,2200,246497,4993,209091,4901,110,129,208981,4927,197929,4727,11052,1603,37406,2793
"Brownsville-Harlingen, TX Metro Area",45981,4206,35642,3454,323,309,35319,3381,32644,3336,2675,890,10339,1730,31346,2720,26509,2418,0,206,26509,2418,25562,2348,947,437,4837,1002
"Brunswick, GA Metro Area",19289,2210,15370,2195,20,39,15350,2202,13466,1938,1884,966,3919,910,12829,1899,9681,1739,121,153,9560,1716,9005,1738,555,433,3148,891
"Buffalo-Niagara Falls, NY Metro Area",199284,4951,157127,4476,133,140,156994,4503,148165,4381,8829,1414,42157,3207,195383,5176,168518,5140,310,291,168208,5183,161615,5289,6593,1142,26865,2610
"Burlington, NC Metro Area",28736,2131,23970,2022,0,193,23970,2022,22681,1963,1289,418,4766,1124,15812,1575,13447,1438,14,24,13433,1441,13044,1400,389,298,2365,723
"Burlington-South Burlington, VT Metro Area",29327,1869,24579,1577,134,152,24445,1587,23304,1504,1141,549,4748,1117,50346,2437,45299,2248,73,74,45226,2256,44585,2266,641,265,5047,919
"Canton-Massillon, OH Metro Area",69478,3675,58130,3357,107,127,58023,3353,52776,3196,5247,1243,11348,1609,46774,3033,38888,2867,0,182,38888,2867,37380,2654,1508,687,7886,1370
"Cape Coral-Fort Myers, FL Metro Area",102127,4778,76404,4966,0,211,76404,4966,68866,4638,7538,2113,25723,2651,70276,4594,54110,4149,61,101,54049,4164,50573,3952,3476,965,16166,1825
"Cape Girardeau-Jackson, MO-IL Metro Area",13921,1770,10604,1539,0,184,10604,1539,9495,1372,1109,534,3317,867,13300,1487,11487,1354,0,184,11487,1354,11159,1354,328,233,1813,672
"Carson City, NV Metro Area",12009,1351,9945,1408,0,200,9945,1408,9138,1263,807,423,2064,602,5354,1101,4290,1046,0,200,4290,1046,4193,1048,97,111,1064,424
"Casper, WY Metro Area",18130,1797,15540,1600,0,185,15540,1600,15255,1544,285,258,2590,740,10318,1479,9356,1333,0,185,9356,1333,9262,1331,94,107,962,562
"Cedar Rapids, IA Metro Area",52447,2838,43563,2533,15,27,43548,2540,41985,2429,1563,608,8884,1554,45656,2782,40360,2485,0,151,40360,2485,39533,2468,827,389,5296,1074
"Champaign-Urbana, IL Metro Area",32147,2275,26849,2105,41,70,26808,2116,25576,2049,1232,539,5298,997,47778,2681,40629,2673,0,179,40629,2673,39157,2631,1472,674,7149,1216
"Charleston, WV Metro Area",47431,3270,33487,2759,62,106,33425,2762,31975,2680,1450,567,13944,2009,41086,3094,36361,2788,106,144,36255,2800,35518,2824,737,358,4725,1050
"Charleston-North Charleston-Summerville, SC Metro Area",126306,5348,99824,5277,1974,684,97850,5163,88238,4532,9612,2169,26482,2536,123293,5591,106763,4775,1832,691,104931,4710,100434,4688,4497,1127,16530,1973
"Charlotte-Gastonia-Rock Hill, NC-SC Metro Area",307690,7235,250545,6998,485,319,250060,6978,226491,7126,23569,2176,57145,3302,357354,7899,311103,7608,540,332,310563,7615,297529,7263,13034,1973,46251,2918
"Charlottesville, VA Metro Area",24467,2412,20718,2414,421,388,20297,2393,19191,2296,1106,485,3749,962,46842,2451,37479,2348,192,182,37287,2348,36419,2265,868,408,9363,1700
"Chattanooga, TN-GA Metro Area",98761,4646,78964,4221,82,137,78882,4253,72805,4110,6077,1775,19797,2324,67477,4472,57818,3982,161,221,57657,3939,55959,3855,1698,710,9659,1653
"Cheyenne, WY Metro Area",19882,2052,15645,1960,893,446,14752,1916,13835,1742,917,652,4237,1040,12337,1653,10127,1461,274,208,9853,1454,9853,1454,0,185,2210,675
"Chicago-Joliet-Naperville, IL-IN-WI Metro Area",1451732,17357,1193115,15902,2612,664,1190503,15923,1072537,15108,117966,5081,258617,8156,1914427,18810,1670833,17536,1758,663,1669075,17402,1584740,17681,84335,4114,243594,7071
"Chico, CA Metro Area",45706,2410,34065,2512,206,303,33859,2520,29049,2253,4810,1005,11641,1671,26291,2375,20244,2179,0,197,20244,2179,18033,2056,2211,738,6047,1195
"Cincinnati-Middletown, OH-KY-IN Metro Area",341947,9606,277833,9255,278,272,277555,9256,257862,8758,19693,2417,64114,3922,361388,7778,314953,6688,131,216,314822,6650,304809,6756,10013,1411,46435,3769
"Clarksville, TN-KY Metro Area",56516,3097,42288,2790,6780,1232,35508,2756,31811,2767,3697,949,14228,1901,31312,2797,26127,2616,3607,843,22520,2411,21687,2420,833,447,5185,1070
"Cleveland, TN Metro Area",19781,2071,15241,1867,0,193,15241,1867,13361,1704,1880,831,4540,1083,11577,2078,9899,1917,0,193,9899,1917,9114,1831,785,542,1678,616
"Cleveland-Elyria-Mentor, OH Metro Area",351290,7709,279473,6671,237,259,279236,6656,257413,6680,21823,2259,71817,3923,343607,7143,300140,6773,292,236,299848,6766,287263,6527,12585,1769,43467,3034
"Coeur d'Alene, ID Metro Area",31574,2597,24486,2253,78,131,24408,2269,22448,2212,1960,789,7088,1467,17017,2535,13675,2218,0,187,13675,2218,13148,2105,527,372,3342,956
"College Station-Bryan, TX Metro Area",25597,2388,20372,2125,48,83,20324,2126,18378,2022,1946,609,5225,847,35964,2981,31246,2974,356,336,30890,2948,30298,2957,592,391,4718,1042
"Colorado Springs, CO Metro Area",137560,4681,108506,4646,8563,1604,99943,4467,91562,4495,8381,1772,29054,2433,123910,4390,104353,3801,5424,1119,98929,3711,94436,3882,4493,964,19557,1980
"Columbia, MO Metro Area",23190,2291,18943,2107,55,90,18888,2104,17818,1972,1070,573,4247,1064,43276,2798,38441,2598,103,121,38338,2575,37226,2634,1112,460,4835,1186
"Columbia, SC Metro Area",136085,4655,110863,4266,2808,932,108055,4384,98921,4279,9134,1634,25222,2613,135013,5069,116098,4482,2507,871,113591,4369,110061,4148,3530,933,18915,2184
"Columbus, GA-AL Metro Area",62810,4082,48424,3770,2788,937,45636,3864,41405,3797,4231,1142,14386,2309,35758,2878,30974,2652,2559,953,28415,2613,27500,2627,915,451,4784,1055
"Columbus, IN Metro Area",11387,1447,8733,1233,14,45,8719,1224,8250,1201,469,314,2654,653,12483,1474,10820,1354,0,184,10820,1354,10585,1336,235,177,1663,601
"Columbus, OH Metro Area",301446,7876,242676,6658,297,211,242379,6668,226892,6457,15487,2413,58770,3733,369822,8713,327519,8650,264,224,327255,8614,317887,8626,9368,1701,42303,2909
"Corpus Christi, TX Metro Area",80919,3932,65654,3732,468,322,65186,3672,62770,3622,2416,875,15265,2100,40771,3142,34783,2859,685,336,34098,2944,32635,2914,1463,776,5988,1290
"Corvallis, OR Metro Area",10636,1503,8360,1213,0,193,8360,1213,7274,1041,1086,592,2276,754,22200,1998,18356,1815,69,112,18287,1804,17750,1858,537,383,3844,858
"Crestview-Fort Walton Beach-Destin, FL Metro Area",39104,2430,31312,2232,2893,950,28419,2078,26974,2111,1445,490,7792,1297,28271,2639,23725,2662,1695,565,22030,2662,21288,2609,742,385,4546,951
"Cumberland, MD-WV Metro Area",15656,1608,11339,1415,0,184,11339,1415,10231,1337,1108,394,4317,979,8663,1384,7280,1365,0,184,7280,1365,6710,1343,570,404,1383,463
"Dallas-Fort Worth-Arlington, TX Metro Area",1075459,17351,873780,16042,1752,953,872028,16011,812569,15419,59459,4586,201679,7250,1162323,13366,1002836,12645,629,255,1002207,12667,968361,12673,33846,2901,159487,6754
"Dalton, GA Metro Area",20409,2208,16010,1929,30,54,15980,1928,14641,1893,1339,640,4399,1142,8899,1676,7645,1527,0,208,7645,1527,7420,1523,225,163,1254,514
"Danville, IL Metro Area",15485,1270,12631,1173,0,179,12631,1173,11218,1286,1413,556,2854,640,6055,1068,5261,1048,0,179,5261,1048,5034,1018,227,135,794,267
"Danville, VA Metro Area",19494,1636,15206,1400,39,62,15167,1402,13998,1404,1169,427,4288,829,10111,1446,9279,1453,0,192,9279,1453,9116,1463,163,157,832,326
"Davenport-Moline-Rock Island, IA-IL Metro Area",75660,3172,63347,2981,88,105,63259,2981,59409,3011,3850,988,12313,1392,54046,2521,47253,2486,433,263,46820,2485,45576,2459,1244,549,6793,1180
"Dayton, OH Metro Area",153203,5436,120004,5308,803,464,119201,5375,108879,4863,10322,1638,33199,2385,118363,5266,101805,4957,1403,587,100402,4900,97177,4860,3225,850,16558,1895
"Decatur, AL Metro Area",24704,2717,17828,2558,0,184,17828,2558,16279,2410,1549,658,6876,1393,17125,1997,14022,1620,0,184,14022,1620,13295,1434,727,857,3103,909
"Decatur, IL Metro Area",19440,1637,16037,1545,36,60,16001,1550,14368,1364,1633,695,3403,837,14430,1774,12050,1503,0,179,12050,1503,11503,1497,547,421,2380,585
"Deltona-Daytona Beach-Ormond Beach, FL Metro Area",88654,3960,62585,3721,231,284,62354,3651,56671,3579,5683,1253,26069,2914,49751,3548,38613,3147,93,153,38520,3131,36453,3086,2067,679,11138,1952
"Denver-Aurora-Broomfield, CO Metro Area",446139,9591,365292,8793,853,393,364439,8752,338486,8426,25953,2722,80847,4146,610934,8899,534318,9225,984,423,533334,9227,511621,9250,21713,2257,76616,3884
"Des Moines-West Des Moines, IA Metro Area",107061,4558,89594,4108,241,178,89353,4095,85292,4229,4061,1157,17467,2282,117111,4340,105619,4260,149,206,105470,4214,103643,4183,1827,674,11492,1807
"Detroit-Warren-Livonia, MI Metro Area",782042,11556,606357,10153,250,172,606107,10181,546003,9535,60104,3203,175685,5982,694235,9464,597419,9409,531,250,596888,9406,568495,9311,28393,2360,96816,4091
"Dothan, AL Metro Area",22268,1412,16947,1351,21,27,16926,1349,15673,1229,1253,392,5321,602,15889,1294,13432,1230,247,264,13185,1164,12895,1135,290,174,2457,461
"Dover, DE Metro Area",26628,2650,21597,2442,851,468,20746,2431,19549,2379,1197,529,5031,1116,18814,2118,16668,2000,209,163,16459,2022,15517,1865,942,550,2146,766
"Dubuque, IA Metro Area",15063,1433,13012,1485,0,151,13012,1485,12681,1466,331,213,2051,680,15871,1517,14170,1465,0,151,14170,1465,13960,1470,210,198,1701,508
"Duluth, MN-WI Metro Area",60880,2238,47499,2337,341,269,47158,2336,44049,2258,3109,774,13381,1482,38031,1803,31303,1733,148,147,31155,1726,30198,1761,957,462,6728,945
"Durham-Chapel Hill, NC Metro Area",70411,4666,55427,4290,146,183,55281,4290,48752,3770,6529,1295,14984,2120,130832,4242,111663,4014,63,99,111600,4008,107165,4175,4435,1083,19169,2411
"Eau Claire, WI Metro Area",31423,2117,26432,2108,81,112,26351,2093,25185,2128,1166,430,4991,986,24892,2033,21513,1851,29,48,21484,1845,20752,1785,732,439,3379,736
"El Centro, CA Metro Area",27525,2505,19862,2145,164,167,19698,2153,16395,1936,3303,1110,7663,1277,12225,1835,9661,1744,0,197,9661,1744,9123,1680,538,399,2564,710
"Elizabethtown, KY Metro Area",23527,1918,19234,1854,1905,723,17329,1670,15872,1692,1457,672,4293,998,14165,1869,12116,1743,728,457,11388,1704,10736,1680,652,363,2049,504
"Elkhart-Goshen, IN Metro Area",27052,2241,22687,2207,55,94,22632,2206,21216,2146,1416,664,4365,1064,17370,1980,15468,1781,0,184,15468,1781,15250,1733,218,224,1902,628
"Elmira, NY Metro Area",16398,1498,12484,1351,57,100,12427,1341,11740,1213,687,396,3914,829,10555,1627,8803,1457,0,185,8803,1457,8735,1463,68,63,1752,636
"El Paso, TX Metro Area",131645,5923,101665,4932,4944,1116,96721,4826,90245,4753,6476,1428,29980,3090,89636,5200,77724,5023,3818,1292,73906,4864,70366,4738,3540,1074,11912,1538
"Erie, PA Metro Area",40406,2082,33368,2060,12,21,33356,2055,30694,2005,2662,693,7038,955,39649,2195,34596,2308,35,57,34561,2320,33430,2336,1131,431,5053,1010
"Eugene-Springfield, OR Metro Area",73036,3873,52408,3098,0,193,52408,3098,46013,2850,6395,1392,20628,2369,49820,2732,40920,2372,40,65,40880,2367,38469,2422,2411,649,8900,1344
"Evansville, IN-KY Metro Area",69935,3036,56640,2769,238,279,56402,2741,52215,2727,4187,1139,13295,1732,44716,2831,38592,2624,0,184,38592,2624,37146,2551,1446,534,6124,1125
"Fairbanks, AK Metro Area",21914,2403,16562,2411,1983,708,14579,2406,13550,2169,1029,900,5352,1481,16927,2530,14602,2174,1389,823,13213,2101,13146,2093,67,129,2325,849
"Fargo, ND-MN Metro Area",40779,2310,35202,2372,283,332,34919,2382,33871,2367,1048,460,5577,1163,43579,3143,39898,2848,46,47,39852,2841,39261,2810,591,348,3681,1067
"Farmington, NM Metro Area",24160,2000,18394,1899,0,185,18394,1899,16624,1752,1770,660,5766,1020,11949,1740,10220,1617,98,116,10122,1612,9514,1462,608,556,1729,695
"Fayetteville, NC Metro Area",83178,3513,64100,3136,11523,1482,52577,2856,46554,2730,6023,1122,19078,2132,42752,2615,36351,2638,4965,1014,31386,2470,29265,2248,2121,900,6401,1186
"Fayetteville-Springdale-Rogers, AR-MO Metro Area",65155,4045,50081,3541,201,241,49880,3561,46629,3421,3251,975,15074,2041,71546,3862,58946,3537,152,200,58794,3518,57834,3493,960,470,12600,1750
"Flagstaff, AZ Metro Area",22522,2042,17064,1918,0,198,17064,1918,15837,1889,1227,535,5458,1005,19451,2019,16203,1944,0,198,16203,1944,15754,1954,449,429,3248,717
"Flint, MI Metro Area",83262,3555,60592,3317,112,130,60480,3332,53601,3437,6879,1287,22670,2243,45927,3221,38852,2732,0,161,38852,2732,36156,2727,2696,738,7075,1417
"Florence, SC Metro Area",33921,2521,27018,2445,0,197,27018,2445,24899,2320,2119,713,6903,1464,23532,2562,20559,2563,70,114,20489,2545,19769,2470,720,349,2973,762
"Florence-Muscle Shoals, AL Metro Area",23051,1927,15980,2093,0,184,15980,2093,14389,1996,1591,773,7071,1215,16444,1832,14331,1728,110,189,14221,1725,13371,1672,850,475,2113,665
"Fond du Lac, WI Metro Area",19237,1554,16267,1442,0,145,16267,1442,15570,1425,697,261,2970,547,11480,1239,10033,1125,0,145,10033,1125,9823,1110,210,129,1447,445
"Fort Collins-Loveland, CO Metro Area",52438,3207,42539,2992,29,47,42510,2992,38662,3079,3848,920,9899,1416,76101,3230,64424,2923,182,157,64242,2938,61851,2862,2391,756,11677,1325
"Fort Smith, AR-OK Metro Area",50080,3171,36729,2539,315,377,36414,2517,34424,2593,1990,627,13351,1719,25146,2353,20694,2264,34,58,20660,2261,20348,2219,312,179,4452,868
"Fort Wayne, IN Metro Area",76568,3562,64255,3139,157,160,64098,3143,60774,3091,3324,699,12313,1688,54865,3232,47859,3029,0,184,47859,3029,45963,3001,1896,553,7006,1112
"Fresno, CA Metro Area",148980,6344,112865,5516,523,438,112342,5531,96497,5018,15845,2151,36115,3219,86823,4508,72959,4107,125,107,72834,4091,68744,3932,4090,871,13864,1864
"Gadsden, AL Metro Area",17877,1940,12217,1595,0,184,12217,1595,11025,1510,1192,707,5660,1193,8624,1265,7116,1191,0,184,7116,1191,6664,1161,452,356,1508,594
"Gainesville, FL Metro Area",37158,2647,28973,2748,0,211,28973,2748,27111,2650,1862,641,8185,1455,50407,3157,40977,2845,113,191,40864,2824,39320,2830,1544,644,9430,1693
"Gainesville, GA Metro Area",25052,2372,19153,2158,0,208,19153,2158,17879,2193,1274,533,5899,1108,19597,2088,16175,1842,64,106,16111,1843,15524,1820,587,337,3422,850
"Glens Falls, NY Metro Area",20329,1728,17269,1530,0,185,17269,1530,15443,1503,1826,660,3060,700,17629,1443,14515,1386,0,185,14515,1386,13808,1406,707,332,3114,646
"Goldsboro, NC Metro Area",25559,2063,20217,2019,693,369,19524,2098,16861,1854,2663,1040,5342,1144,10145,1780,8486,1616,564,285,7922,1499,7482,1467,440,310,1659,413
"Grand Forks, ND-MN Metro Area",16699,1147,14376,1080,324,196,14052,1084,13721,1071,331,271,2323,605,15191,1295,13885,1277,61,58,13824,1278,13599,1305,225,151,1306,370
"Grand Junction, CO Metro Area",28871,2533,23068,2414,0,189,23068,2414,21366,2445,1702,817,5803,1252,17635,1877,14440,1735,0,189,14440,1735,13702,1757,738,440,3195,978
"Grand Rapids-Wyoming, MI Metro Area",136589,5014,110720,4980,357,363,110363,5008,102511,4734,7852,1299,25869,2078,122652,4559,107379,4460,0,161,107379,4460,103818,4302,3561,894,15273,1734
"Great Falls, MT Metro Area",15403,1416,11799,1316,653,335,11146,1278,10594,1223,552,310,3604,757,8841,1096,7674,1040,641,326,7033,1036,6830,1041,203,170,1167,395
"Greeley, CO Metro Area",46031,2880,37548,2582,50,58,37498,2580,35330,2426,2168,662,8483,1475,36971,2622,31774,2307,110,94,31664,2308,30170,2204,1494,594,5197,855
"Green Bay, WI Metro Area",56179,3095,48850,3069,44,71,48806,3061,45921,2835,2885,955,7329,1070,44173,2740,39880,2620,35,58,39845,2623,39035,2580,810,366,4293,796
"Greensboro-High Point, NC Metro Area",124751,5321,102660,4872,282,309,102378,4976,93848,4999,8530,1371,22091,2433,106077,4119,90264,3995,0,193,90264,3995,85704,4097,4560,1518,15813,1808
"Greenville, NC Metro Area",35827,2858,29644,2782,313,278,29331,2799,26463,2790,2868,1031,6183,1180,23884,1927,21471,2050,66,121,21405,2054,20745,1969,660,408,2413,713
"Greenville-Mauldin-Easley, SC Metro Area",97095,4098,75597,3752,160,134,75437,3764,69510,3650,5927,1392,21498,1897,103327,4842,88008,4472,67,113,87941,4474,85519,4376,2422,612,15319,2021
"Gulfport-Biloxi, MS Metro Area",52254,3767,39483,3410,1293,594,38190,3360,34555,3448,3635,1163,12771,2128,27538,3003,21969,2842,1204,499,20765,2834,19544,2701,1221,693,5569,1189
"Hagerstown-Martinsburg, MD-WV Metro Area",48627,3614,38794,3313,269,233,38525,3307,35646,3439,2879,958,9833,1456,28674,2686,24004,2411,132,170,23872,2405,23147,2374,725,374,4670,1243
"Hanford-Corcoran, CA Metro Area",28353,2017,19418,2081,970,435,18448,1988,16353,2097,2095,779,8935,1042,10044,1489,8244,1441,781,405,7463,1311,6910,1250,553,391,1800,602
"Harrisburg-Carlisle, PA Metro Area",80664,3311,66959,2933,427,396,66532,2944,63049,3023,3483,995,13705,1640,91102,3791,79331,3624,744,415,78587,3698,76185,3647,2402,797,11771,1457
"Harrisonburg, VA Metro Area",12706,1562,10042,1485,0,192,10042,1485,9565,1475,477,325,2664,995,18159,1950,15458,1713,0,192,15458,1713,15268,1692,190,198,2701,756
"Hartford-West Hartford-East Hartford, CT Metro Area",181276,4688,152043,4543,131,204,151912,4549,140253,4469,11659,1474,29233,2345,253988,6231,229522,6106,211,212,229311,6099,220307,5827,9004,1294,24466,2034
"Hattiesburg, MS Metro Area",23568,2486,16534,2026,421,327,16113,2058,14473,2054,1640,728,7034,1538,18567,2333,15700,2139,95,133,15605,2166,15279,2128,326,243,2867,1010
"Hickory-Lenoir-Morganton, NC Metro Area",64214,3423,51371,3278,103,136,51268,3279,47464,3251,3804,953,12843,1934,34262,2883,29278,2430,0,193,29278,2430,27908,2425,1370,614,4984,1144
"Hinesville-Fort Stewart, GA Metro Area",16505,1652,12795,1496,1957,698,10838,1262,9065,1163,1773,733,3710,1065,7595,1312,6446,1171,1091,598,5355,988,5115,975,240,184,1149,566
"Holland-Grand Haven, MI Metro Area",44651,2832,37334,2864,0,161,37334,2864,35848,2834,1486,528,7317,1164,40317,2581,34495,2340,0,161,34495,2340,32403,2336,2092,744,5822,1075
"Honolulu, HI Metro Area",175897,4824,145204,4663,11986,1764,133218,4797,125834,4954,7384,1358,30693,2888,175206,4688,149571,4343,5687,976,143884,4446,139349,4450,4535,970,25635,2090
"Hot Springs, AR Metro Area",18941,1897,13865,1622,0,184,13865,1622,12957,1675,908,639,5076,1161,11104,1622,9129,1493,0,184,9129,1493,8722,1368,407,382,1975,670
"Houma-Bayou Cane-Thibodaux, LA Metro Area",24531,2377,19714,2288,0,193,19714,2288,18438,2378,1276,565,4817,875,18298,2441,16270,2281,72,126,16198,2262,15282,2040,916,605,2028,613
"Houston-Sugar Land-Baytown, TX Metro Area",953369,17167,757184,14265,825,492,756359,14341,699542,14109,56817,4908,196185,8824,1003300,16905,853316,16215,599,467,852717,16171,820320,15829,32397,3326,149984,7621
"Huntington-Ashland, WV-KY-OH Metro Area",46125,2971,32176,2444,0,184,32176,2444,29388,2493,2788,760,13949,1778,31184,2618,26606,2542,0,184,26606,2542,25907,2513,699,405,4578,989
"Huntsville, AL Metro Area",70873,3855,53216,3665,283,230,52933,3610,49708,3493,3225,955,17657,1836,90151,3875,77948,4011,450,351,77498,3985,74490,3824,3008,837,12203,1665
"Idaho Falls, ID Metro Area",25505,1868,19466,1821,0,187,19466,1821,18617,1788,849,417,6039,1073,15691,1831,12702,1557,0,187,12702,1557,12300,1558,402,279,2989,764
"Indianapolis-Carmel, IN Metro Area",285131,7944,235862,7443,1480,647,234382,7425,219090,7315,15292,1704,49269,3414,331654,8311,295970,7411,450,544,295520,7452,285525,7389,9995,1402,35684,3040
"Iowa City, IA Metro Area",21465,2419,18780,2207,0,151,18780,2207,18225,2196,555,305,2685,833,40161,2357,34673,2378,0,151,34673,2378,34064,2415,609,322,5488,1162
"Ithaca, NY Metro Area",12735,1428,9714,1242,0,185,9714,1242,9431,1217,283,191,3021,843,25280,2214,20150,1982,68,110,20082,1965,19777,1925,305,265,5130,1275
"Jackson, MI Metro Area",28930,2352,21172,1887,76,130,21096,1890,19092,1778,2004,641,7758,1122,17391,1723,14388,1683,53,88,14335,1689,13506,1581,829,341,3003,784
"Jackson, MS Metro Area",92546,4930,74648,4721,138,168,74510,4728,66224,4528,8286,1746,17898,2164,89120,4513,77554,4445,380,419,77174,4478,74809,4505,2365,740,11566,1596
"Jackson, TN Metro Area",17958,1646,13479,1565,0,193,13479,1565,12728,1587,751,444,4479,965,13902,1651,11225,1643,0,193,11225,1643,10505,1523,720,555,2677,761
"Jacksonville, FL Metro Area",250740,7165,200481,7040,2532,811,197949,6997,181044,7468,16905,2474,50259,4105,211956,7789,176125,7740,2376,923,173749,7603,165239,7432,8510,1733,35831,3398
"Jacksonville, NC Metro Area",38771,2434,30662,2190,6109,1137,24553,2092,20807,1953,3746,1229,8109,1359,15982,1984,12664,1727,2356,729,10308,1659,9858,1639,450,323,3318,878
"Janesville, WI Metro Area",29893,2069,24227,1805,9,17,24218,1801,22766,1864,1452,499,5666,1077,18468,2137,16035,1860,0,145,16035,1860,15318,1814,717,421,2433,843
"Jefferson City, MO Metro Area",22543,1910,16584,1744,107,174,16477,1703,15943,1671,534,299,5959,1143,22511,1903,20231,1797,0,177,20231,1797,19774,1834,457,320,2280,620
"Johnson City, TN Metro Area",29174,2532,22316,2147,65,111,22251,2137,21251,2183,1000,499,6858,1294,25986,2274,21622,2154,0,193,21622,2154,21206,2167,416,311,4364,1040
"Johnstown, PA Metro Area",20869,1629,15550,1442,0,165,15550,1442,14136,1323,1414,489,5319,834,15858,1367,13222,1305,132,151,13090,1338,12419,1301,671,301,2636,577
"Jonesboro, AR Metro Area",19061,1918,15217,1759,0,184,15217,1759,14163,1711,1054,518,3844,838,14653,1706,12568,1626,0,184,12568,1626,11987,1695,581,490,2085,759
"Joplin, MO Metro Area",26979,2444,20843,2350,87,128,20756,2366,19136,2237,1620,723,6136,1184,19766,2082,17430,2057,0,177,17430,2057,16883,1959,547,452,2336,654
"Kalamazoo-Portage, MI Metro Area",60868,3034,47175,3060,26,31,47149,3066,43016,2909,4133,930,13693,1760,53795,2798,46263,2618,0,161,46263,2618,44701,2786,1562,636,7532,1100
"Kankakee-Bradley, IL Metro Area",22016,2126,18829,2149,0,179,18829,2149,17062,1828,1767,763,3187,820,9429,1239,8405,1134,0,179,8405,1134,7933,995,472,434,1024,335
"Kansas City, MO-KS Metro Area",355486,8023,290365,7468,780,436,289585,7512,269663,7645,19922,2463,65121,4042,395533,8123,346030,8329,1806,577,344224,8409,333386,8297,10838,1541,49503,3110
"Kennewick-Pasco-Richland, WA Metro Area",50505,3209,38910,3197,163,171,38747,3208,36226,3164,2521,811,11595,1745,32344,2843,27363,2497,0,192,27363,2497,26534,2433,829,345,4981,1084
"Killeen-Temple-Fort Hood, TX Metro Area",89385,4645,65211,3822,10187,1592,55024,3909,50667,3801,4357,1019,24174,2958,44353,3580,35586,3210,5635,1290,29951,2865,28882,2903,1069,474,8767,1529
"Kingsport-Bristol-Bristol, TN-VA Metro Area",49343,3116,37192,2839,166,284,37026,2830,33678,2575,3348,1014,12151,1715,33088,2804,28476,2683,0,184,28476,2683,27619,2701,857,428,4612,966
"Kingston, NY Metro Area",31159,2641,24489,2551,35,59,24454,2558,22715,2466,1739,661,6670,1088,31860,2171,27805,2207,38,61,27767,2210,25615,2084,2152,773,4055,942
"Knoxville, TN Metro Area",119832,4168,93899,3908,138,144,93761,3933,88339,4001,5422,1067,25933,2397,118002,4436,101222,4356,135,169,101087,4342,97501,4227,3586,823,16780,2002
"Kokomo, IN Metro Area",18556,1654,14296,1668,0,184,14296,1668,13082,1444,1214,601,4260,855,8907,1175,7898,1114,0,184,7898,1114,7725,1102,173,147,1009,302
"La Crosse, WI-MN Metro Area",26257,2147,22284,1978,53,92,22231,1978,21572,1893,659,338,3973,784,20408,1745,17955,1585,0,184,17955,1585,17592,1565,363,286,2453,659
"Lafayette, IN Metro Area",28544,1959,23608,1942,0,184,23608,1942,22507,1881,1101,582,4936,1064,32061,2534,27844,2374,19,31,27825,2372,26749,2256,1076,523,4217,948
"Lafayette, LA Metro Area",41882,3556,34050,3046,21,37,34029,3039,32042,3037,1987,992,7832,1520,37248,3210,33246,3098,89,149,33157,3065,32561,2950,596,389,4002,937
"Lake Charles, LA Metro Area",29670,3016,23190,2565,84,154,23106,2571,21986,2468,1120,505,6480,1250,20627,2084,18239,2060,0,193,18239,2060,17655,2029,584,455,2388,877
"Lake Havasu City-Kingman, AZ Metro Area",35507,3187,21313,2677,0,198,21313,2677,18623,2420,2690,908,14194,1905,10267,1972,8111,1768,0,198,8111,1768,7174,1750,937,480,2156,861
"Lakeland-Winter Haven, FL Metro Area",87873,5339,68406,4659,54,89,68352,4669,61079,4534,7273,1287,19467,2265,60111,4400,51014,3812,0,211,51014,3812,48260,3590,2754,907,9097,1671
"Lancaster, PA Metro Area",59134,3849,49810,3593,81,132,49729,3605,47460,3478,2269,755,9324,1352,68035,3256,59308,3103,0,165,59308,3103,57846,2975,1462,524,8727,1424
"Lansing-East Lansing, MI Metro Area",86623,3618,68862,3694,159,226,68703,3710,63342,3531,5361,1090,17761,1832,76735,3596,64171,3179,0,161,64171,3179,61776,3194,2395,710,12564,1673
"Laredo, TX Metro Area",29619,2479,23347,2271,0,206,23347,2271,22575,2289,772,432,6272,971,21691,2304,18702,2220,0,206,18702,2220,18358,2160,344,237,2989,810
"Las Cruces, NM Metro Area",30804,2590,23856,2452,102,131,23754,2418,21333,2439,2421,1079,6948,1246,28835,2974,24549,2706,124,191,24425,2707,23464,2600,961,506,4286,1110
"Las Vegas-Paradise, NV Metro Area",363530,10528,288978,9418,2508,739,286470,9500,256297,8611,30173,3027,74552,4183,235880,8229,199402,7915,2350,800,197052,7865,185458,7319,11594,1875,36478,2801
"Lawrence, KS Metro Area",13717,1602,11213,1478,0,165,11213,1478,10359,1523,854,438,2504,804,26199,2159,23517,2150,0,165,23517,2150,22815,2132,702,524,2682,870
"Lawton, OK Metro Area",23470,2576,17785,2227,2568,1327,15217,1747,13867,1589,1350,585,5685,1058,12701,1665,11187,1552,1082,499,10105,1411,9875,1398,230,181,1514,596
"Lebanon, PA Metro Area",17609,1738,14586,1661,84,101,14502,1635,13703,1537,799,511,3023,704,13790,1838,12369,1727,46,79,12323,1727,11737,1729,586,459,1421,496
"Lewiston, ID-WA Metro Area",13104,968,10360,982,0,184,10360,982,9907,941,453,288,2744,532,6744,924,5246,799,0,184,5246,799,4811,712,435,310,1498,526
"Lewiston-Auburn, ME Metro Area",21380,2146,17516,1935,0,155,17516,1935,15945,1946,1571,600,3864,1024,11178,1485,9980,1383,0,155,9980,1383,9878,1383,102,130,1198,542
"Lexington-Fayette, KY Metro Area",73906,4037,60108,3566,55,94,60053,3558,55787,3527,4266,1091,13798,1550,96533,4351,83439,3818,109,130,83330,3814,80599,3790,2731,727,13094,1976
"Lima, OH Metro Area",18563,1467,13820,1236,69,89,13751,1240,12458,1160,1293,557,4743,846,10233,1493,8980,1403,0,182,8980,1403,8746,1366,234,182,1253,379
"Lincoln, NE Metro Area",57141,3010,47641,2501,239,214,47402,2530,45430,2476,1972,665,9500,1569,58964,2685,52662,2725,103,82,52559,2728,51384,2652,1175,538,6302,1089
"Little Rock-North Little Rock-Conway, AR Metro Area",115279,4621,91546,4212,1292,573,90254,4114,83592,3759,6662,1446,23733,2312,116848,4212,102246,3741,900,388,101346,3755,97719,3657,3627,1041,14602,1859
"Logan, UT-ID Metro Area",20195,1795,15208,1495,5,9,15203,1494,14675,1472,528,297,4987,973,19658,1863,15848,1743,76,122,15772,1729,15353,1688,419,245,3810,903
"Longview, TX Metro Area",39288,2764,30207,2387,0,206,30207,2387,28132,2420,2075,758,9081,1278,18240,2369,15823,2117,0,206,15823,2117,15372,2089,451,267,2417,784
"Longview, WA Metro Area",22481,1895,16561,1813,44,70,16517,1811,15083,1762,1434,701,5920,1026,8708,1249,7040,1065,43,71,6997,1059,6698,1026,299,198,1668,527
"Los Angeles-Long Beach-Santa Ana, CA Metro Area",1944002,20300,1552316,18902,1168,543,1551148,18942,1395315,17450,155833,6775,391686,8708,2298452,19685,1974564,18911,1911,701,1972653,18896,1851614,18881,121039,5490,323888,8929
"Louisville/Jefferson County, KY-IN Metro Area",221966,6573,179363,6111,843,498,178520,6041,165158,6066,13362,1724,42603,2851,200598,5698,173725,5280,573,335,173152,5265,167233,5194,5919,1164,26873,2406
"Lubbock, TX Metro Area",47996,3001,39139,2887,0,206,39139,2887,37547,2878,1592,693,8857,1312,37477,2680,32777,2527,83,86,32694,2515,31656,2449,1038,498,4700,1032
"Lynchburg, VA Metro Area",40958,2595,32381,2593,36,70,32345,2606,29919,2470,2426,930,8577,1422,31981,2382,27978,2391,94,142,27884,2405,27395,2373,489,330,4003,846
"Macon, GA Metro Area",38720,2646,30201,2506,35,60,30166,2525,28220,2403,1946,672,8519,1341,25831,2675,21630,2345,0,208,21630,2345,20869,2320,761,352,4201,1108
"Madera-Chowchilla, CA Metro Area",23260,2136,14276,1699,0,197,14276,1699,13230,1676,1046,454,8984,1495,9432,1813,6875,1522,0,197,6875,1522,6668,1471,207,216,2557,935
"Madison, WI Metro Area",98951,3949,83364,3916,0,145,83364,3916,79603,3809,3761,869,15587,1639,141426,4278,123749,4271,172,157,123577,4256,120858,4168,2719,737,17677,1799
"Manchester-Nashua, NH Metro Area",62000,3099,52690,2875,0,181,52690,2875,49998,2854,2692,819,9310,1311,90308,4174,80649,4076,243,330,80406,4111,77135,4136,3271,1005,9659,1450
"Manhattan, KS Metro Area",21272,1979,16775,1637,3613,989,13162,1439,12618,1421,544,351,4497,1194,20349,1773,17258,1805,930,418,16328,1796,16186,1784,142,138,3091,887
"Mankato-North Mankato, MN Metro Area",17002,1291,15060,1241,22,36,15038,1245,14688,1286,350,197,1942,508,16004,1361,14929,1323,0,139,14929,1323,14642,1329,287,209,1075,383
"Mansfield, OH Metro Area",21734,1758,15484,1711,148,246,15336,1721,13473,1458,1863,1053,6250,1020,10207,1536,8742,1352,0,182,8742,1352,8289,1243,453,418,1465,550
"McAllen-Edinburg-Mission, TX Metro Area",91011,5211,71429,4688,160,272,71269,4702,65842,4882,5427,1608,19582,2673,64177,5008,55235,4827,45,79,55190,4815,52861,4725,2329,819,8942,1801
"Medford, OR Metro Area",40345,2938,29868,2725,0,193,29868,2725,27109,2739,2759,1031,10477,1860,25592,2668,20791,2261,0,193,20791,2261,19342,2098,1449,758,4801,1463
"Memphis, TN-MS-AR Metro Area",233503,6392,189456,6337,504,317,188952,6343,172380,6167,16572,2312,44047,2839,190997,8043,163831,7223,613,323,163218,7193,158596,7222,4622,1046,27166,2796
"Merced, CA Metro Area",35727,3074,27370,2849,0,197,27370,2849,23325,2476,4045,1122,8357,1436,15709,2420,14022,2395,0,197,14022,2395,13409,2329,613,357,1687,441
"Miami-Fort Lauderdale-Pompano Beach, FL Metro Area",906972,15411,746354,15567,2233,1106,744121,15674,670573,14616,73548,5327,160618,7075,950404,14717,813425,14191,878,515,812547,14260,759903,14102,52644,4089,136979,6240
"Michigan City-La Porte, IN Metro Area",20363,1702,14978,1649,0,184,14978,1649,14041,1640,937,365,5385,943,8911,1283,7467,1197,0,184,7467,1197,6902,1186,565,412,1444,484
"Midland, TX Metro Area",27946,2676,23140,2743,0,206,23140,2743,22075,2808,1065,722,4806,1153,18445,2260,14929,2049,0,206,14929,2049,14679,2041,250,267,3516,859
"Milwaukee-Waukesha-West Allis, WI Metro Area",261690,7049,217399,6604,39,65,217360,6600,201905,6680,15455,1907,44291,3088,291379,6826,256093,6547,87,121,256006,6548,248659,6512,7347,1177,35286,2569
"Minneapolis-St. Paul-Bloomington, MN-WI Metro Area",604381,10634,518091,9557,919,505,517172,9469,486735,9009,30437,2204,86290,4001,768811,11361,691626,11127,661,363,690965,11143,668457,10776,22508,2358,77185,3752
"Missoula, MT Metro Area",19321,2141,15381,2011,0,157,15381,2011,14033,1935,1348,594,3940,1210,25893,1873,22605,1812,0,157,22605,1812,21675,1878,930,486,3288,770
"Mobile, AL Metro Area",67840,3329,50374,3319,855,723,49519,3316,44903,3233,4616,1300,17466,2296,48772,4005,40891,3940,166,200,40725,3926,39282,3810,1443,529,7881,1347
"Modesto, CA Metro Area",90374,3990,67886,3698,247,291,67639,3656,59817,3710,7822,1505,22488,2388,42966,3159,35856,3147,0,197,35856,3147,32843,2951,3013,886,7110,1334
"Monroe, LA Metro Area",27234,2266,20539,2256,68,109,20471,2234,18543,2168,1928,721,6695,1231,19550,2181,17530,2290,0,193,17530,2290,16877,2251,653,441,2020,612
"Monroe, MI Metro Area",30278,1923,24701,1797,0,161,24701,1797,23755,1767,946,417,5577,1043,15599,1689,13222,1468,0,161,13222,1468,12806,1464,416,230,2377,667
"Montgomery, AL Metro Area",61942,3809,46294,3508,344,228,45950,3509,43045,3470,2905,763,15648,1945,55393,3616,45801,3042,1480,566,44321,2938,42784,2908,1537,716,9592,1746
"Morgantown, WV Metro Area",14872,1482,10819,1194,0,182,10819,1194,10229,1165,590,407,4053,976,22910,1897,19372,1930,0,182,19372,1930,18991,1905,381,311,3538,939
"Morristown, TN Metro Area",18949,1788,15078,1707,143,333,14935,1681,13158,1672,1777,594,3871,907,11210,1618,9352,1525,0,193,9352,1525,9074,1528,278,217,1858,687
"Mount Vernon-Anacortes, WA Metro Area",23576,1827,17851,1743,127,109,17724,1745,16374,1672,1350,449,5725,1104,14453,1561,11439,1514,238,94,11201,1508,10794,1435,407,343,3014,664
"Muncie, IN Metro Area",17388,1579,13084,1636,0,184,13084,1636,11609,1613,1475,535,4304,847,11419,1387,9278,1213,0,184,9278,1213,9122,1216,156,160,2141,632
"Muskegon-Norton Shores, MI Metro Area",34117,1828,27128,1697,134,150,26994,1711,23687,1685,3307,877,6989,1122,15711,1751,13194,1762,0,161,13194,1762,12620,1736,574,284,2517,556
"Myrtle Beach-North Myrtle Beach-Conway, SC Metro Area",54839,3229,43189,3169,114,188,43075,3162,39769,2938,3306,1030,11650,1810,30390,2708,24857,2573,0,197,24857,2573,24019,2575,838,440,5533,1023
"Napa, CA Metro Area",21505,1767,17357,1678,0,197,17357,1678,16098,1744,1259,481,4148,804,21531,1756,18737,1755,75,97,18662,1749,18082,1689,580,325,2794,596
"Naples-Marco Island, FL Metro Area",42850,3814,32491,4020,0,211,32491,4020,29973,3822,2518,934,10359,1747,40847,3017,31988,2722,0,211,31988,2722,30300,2692,1688,708,8859,1614
"Nashville-Davidson--Murfreesboro--Franklin, TN Metro Area",248735,7858,202877,7320,399,253,202478,7341,189371,7089,13107,1984,45858,3199,313974,7484,269455,7308,383,298,269072,7326,261312,7394,7760,1721,44519,3436
"New Haven-Milford, CT Metro Area",123412,4169,105468,4099,0,193,105468,4099,93387,3671,12081,1916,17944,1931,161717,5745,142261,5346,440,491,141821,5342,135178,5304,6643,1209,19456,1930
"New Orleans-Metairie-Kenner, LA Metro Area",206729,5691,162078,5207,886,510,161192,5220,148498,5100,12694,1367,44651,2927,185342,6354,158124,6421,1037,468,157087,6425,151552,6340,5535,1194,27218,2333
"New York-Northern New Jersey-Long Island, NY-NJ-PA Metro Area",2470455,27022,1985784,25007,2467,729,1983317,24962,1795251,22989,188066,6887,484671,10162,4150011,28226,3610491,25031,775,365,3609716,25077,3429220,23877,180496,6990,539520,13011
"Niles-Benton Harbor, MI Metro Area",26144,1621,19614,1461,0,161,19614,1461,18325,1434,1289,437,6530,1009,21371,1756,17820,1515,0,161,17820,1515,17183,1469,637,304,3551,772
"North Port-Bradenton-Sarasota, FL Metro Area",111179,4386,85554,4570,203,244,85351,4602,76724,4310,8627,1738,25625,2571,94259,5024,76587,4367,0,211,76587,4367,73210,4135,3377,975,17672,2077
"Norwich-New London, CT Metro Area",43350,2809,36362,2677,1845,711,34517,2666,30834,2519,3683,1021,6988,1248,47338,2634,41922,2335,900,437,41022,2303,39453,2347,1569,603,5416,1014
"Ocala, FL Metro Area",52023,3598,36921,3043,215,364,36706,3068,32622,3007,4084,1199,15102,1943,27878,2938,22065,2690,0,211,22065,2690,20033,2478,2032,1202,5813,1351
"Ocean City, NJ Metro Area",11752,1294,9726,1281,85,98,9641,1264,8808,1192,833,383,2026,648,16659,1468,13658,1517,39,65,13619,1511,12906,1492,713,284,3001,654
"Odessa, TX Metro Area",24888,2454,19767,2275,0,206,19767,2275,18890,2193,877,591,5121,1202,9597,1416,7949,1330,0,206,7949,1330,7861,1312,88,111,1648,573
"Ogden-Clearfield, UT Metro Area",107709,4147,83369,3927,1148,441,82221,3886,79591,3813,2630,763,24340,1940,83194,3985,71649,3329,643,389,71006,3413,69821,3403,1185,431,11545,1399
"Oklahoma City, OK Metro Area",223385,6175,171637,5596,2210,591,169427,5508,161641,5398,7786,1256,51748,2757,198766,5168,169648,4803,1827,530,167821,4816,164364,4803,3457,932,29118,2285
"Olympia, WA Metro Area",57986,2862,46024,2843,1092,630,44932,2815,41970,2831,2962,857,11962,1661,41705,3387,35393,2938,750,372,34643,2903,32959,2796,1684,633,6312,1250
"Omaha-Council Bluffs, NE-IA Metro Area",155580,4709,130836,4431,1420,570,129416,4486,122597,4228,6819,1187,24744,1959,169327,4797,148924,4699,1864,561,147060,4760,143384,4599,3676,700,20403,1793
"Orlando-Kissimmee-Sanford, FL Metro Area",383388,11793,312755,10727,773,539,311982,10793,282470,9545,29512,3637,70633,6549,345684,11454,300507,10325,309,303,300198,10366,283612,10124,16586,2454,45177,3393
"Oshkosh-Neenah, WI Metro Area",31054,2050,24962,2019,0,145,24962,2019,23576,1951,1386,461,6092,999,26944,2180,24164,1967,0,145,24164,1967,23440,2067,724,373,2780,767
"Owensboro, KY Metro Area",18401,1667,14500,1404,25,46,14475,1395,13682,1356,793,356,3901,824,12206,1635,10102,1374,0,181,10102,1374,9908,1376,194,184,2104,694
"Oxnard-Thousand Oaks-Ventura, CA Metro Area",147531,4830,119415,5078,940,366,118475,5086,108561,5050,9914,1431,28116,2762,139448,5188,118164,4579,843,558,117321,4439,109499,4375,7822,1422,21284,2165
"Palm Bay-Melbourne-Titusville, FL Metro Area",102113,5603,77144,5240,350,189,76794,5216,67958,4384,8836,1952,24969,2996,77604,3946,67411,3559,556,419,66855,3510,62171,3429,4684,1256,10193,1753
"Palm Coast, FL Metro Area",14771,1944,9505,1803,0,211,9505,1803,8596,1833,909,500,5266,1197,11326,1651,8239,1354,0,211,8239,1354,7619,1224,620,358,3087,920
"Panama City-Lynn Haven-Panama City Beach, FL Metro Area",36528,2760,29019,2881,665,451,28354,2789,26266,2783,2088,848,7509,1241,22166,2604,18479,2554,487,240,17992,2513,17223,2378,769,409,3687,935
"Parkersburg-Marietta-Vienna, WV-OH Metro Area",28537,1959,21432,1816,0,184,21432,1816,20032,1777,1400,523,7105,1152,17065,1911,14222,1822,0,184,14222,1822,13562,1788,660,355,2843,808
"Pascagoula, MS Metro Area",31006,2390,23599,2279,54,91,23545,2292,22358,2295,1187,516,7407,1259,18274,2203,14748,2022,203,200,14545,2010,13960,1982,585,346,3526,1091
"Pensacola-Ferry Pass-Brent, FL Metro Area",89849,4650,68101,4280,3050,981,65051,4188,59696,3901,5355,1445,21748,2431,60398,3723,52213,3717,3453,1198,48760,3819,47557,3873,1203,609,8185,1328
"Peoria, IL Metro Area",72127,3501,58174,3208,53,70,58121,3202,54814,3150,3307,773,13953,1484,56055,3116,48159,3134,69,116,48090,3132,47363,3094,727,317,7896,1095
"Philadelphia-Camden-Wilmington, PA-NJ-DE-MD Metro Area",836539,11223,685618,11328,2258,675,683360,11268,619111,10702,64249,3576,150921,4987,1172745,12198,1025808,12690,1934,575,1023874,12633,978158,12160,45716,3015,146937,5156
"Phoenix-Mesa-Glendale, AZ Metro Area",762951,12694,600677,11852,1315,533,599362,11891,552017,11925,47345,3801,162274,6886,662300,11751,557029,11715,559,230,556470,11739,534711,11281,21759,2310,105271,4370
"Pine Bluff, AR Metro Area",14656,1584,10424,1455,0,184,10424,1455,9344,1479,1080,557,4232,824,8717,1298,7479,1182,0,184,7479,1182,7161,1170,318,251,1238,539
"Pittsburgh, PA Metro Area",375439,7862,303248,7170,283,229,302965,7171,284821,6980,18144,2088,72191,3363,435418,8826,377566,8569,410,246,377156,8539,363645,8838,13511,1718,57852,3076
"Pittsfield, MA Metro Area",18961,1622,15126,1484,35,60,15091,1478,13265,1340,1826,678,3835,838,22484,2122,19501,2006,0,195,19501,2006,18431,1975,1070,435,2983,727
"Pocatello, ID Metro Area",16928,1789,12596,1607,0,187,12596,1607,12014,1476,582,340,4332,926,12049,1498,10056,1373,0,187,10056,1373,9883,1365,173,136,1993,527
"Portland-South Portland-Biddeford, ME Metro Area",85175,3977,70004,3907,79,101,69925,3904,66063,3525,3862,1035,15171,1885,109703,4703,96038,4707,172,184,95866,4692,93542,4707,2324,550,13665,1874
"Portland-Vancouver-Hillsboro, OR-WA Metro Area",449075,9189,357213,8741,602,443,356611,8767,323988,7905,32623,2839,91862,4292,464548,9341,394362,8977,243,259,394119,8964,375863,8811,18256,2095,70186,3432
"Port St. Lucie, FL Metro Area",71905,4459,55133,3936,52,85,55081,3943,48925,3767,6156,1759,16772,2421,51121,4290,40336,3972,0,211,40336,3972,35954,3492,4382,1487,10785,1837
"Poughkeepsie-Newburgh-Middletown, NY Metro Area",115284,4533,94099,4245,445,348,93654,4279,86711,4233,6943,1300,21185,2084,108060,4492,92902,4450,615,270,92287,4455,88636,4206,3651,763,15158,1777
"Prescott, AZ Metro Area",39969,2804,27028,2659,0,198,27028,2659,25225,2650,1803,811,12941,1506,26421,2594,18136,2665,0,198,18136,2665,16348,2304,1788,944,8285,1427
"Providence-New Bedford-Fall River, RI-MA Metro Area",249726,6601,206222,6391,870,391,205352,6355,187556,6056,17796,1959,43504,2997,266583,7252,236597,7619,1177,457,235420,7619,223068,7459,12352,1830,29986,2762
"Provo-Orem, UT Metro Area",91936,3149,68976,2861,328,227,68648,2856,64972,2790,3676,832,22960,2164,82157,2898,68382,2810,176,182,68206,2792,65297,2834,2909,902,13775,1143
"Pueblo, CO Metro Area",33437,2301,25319,2205,65,106,25254,2210,22790,2105,2464,1025,8118,1257,16174,1479,13262,1448,0,189,13262,1448,12571,1427,691,428,2912,734
"Punta Gorda, FL Metro Area",27846,2449,20007,2038,58,95,19949,2030,18468,1873,1481,743,7839,1318,14868,2349,10267,1751,0,211,10267,1751,9960,1791,307,270,4601,1236
"Racine, WI Metro Area",39363,2524,32450,2202,0,145,32450,2202,29569,2306,2881,766,6913,1279,25686,2079,22391,1832,0,145,22391,1832,21340,1775,1051,456,3295,744
"Raleigh-Cary, NC Metro Area",184639,7275,153928,7023,560,328,153368,7005,143952,6912,9416,1926,30711,2507,289193,6278,248843,6373,608,435,248235,6355,238733,6049,9502,1593,40350,3628
"Rapid City, SD Metro Area",26062,2240,21317,2265,102,103,21215,2248,20262,2326,953,526,4745,1137,17902,2029,15376,1775,109,148,15267,1756,15047,1735,220,241,2526,913
"Reading, PA Metro Area",54843,3109,45489,2970,100,166,45389,3030,41034,2903,4355,1333,9354,1543,52518,3256,46369,3295,0,165,46369,3295,44904,3256,1465,516,6149,1155
"Redding, CA Metro Area",41612,2523,30244,2276,0,197,30244,2276,27258,2181,2986,1091,11368,1543,17328,2117,13411,1723,0,197,13411,1723,12825,1725,586,287,3917,927
"Reno-Sparks, NV Metro Area",83081,3917,65586,3698,160,135,65426,3705,59432,3534,5994,1435,17495,1830,64254,3439,53770,2831,232,247,53538,2815,51121,2750,2417,762,10484,1939
"Richmond, VA Metro Area",201305,5831,165971,5582,2312,835,163659,5728,153513,5965,10146,1722,35334,2653,237989,5852,206899,5906,1690,763,205209,5765,198336,5774,6873,1243,31090,2878
"Riverside-San Bernardino-Ontario, CA Metro Area",753952,12510,566295,11375,5803,1403,560492,11687,499734,11154,60758,3883,187657,7139,420613,11355,347439,10202,1813,623,345626,10091,320832,9555,24794,2561,73174,4419
"Roanoke, VA Metro Area",54255,3456,42454,3283,172,282,42282,3206,39386,3253,2896,1061,11801,1838,46355,3619,40026,3525,0,192,40026,3525,39354,3496,672,460,6329,1258
"Rochester, MN Metro Area",36415,1883,31012,1747,49,81,30963,1751,30385,1769,578,231,5403,1093,39679,1881,36479,1916,0,139,36479,1916,35906,1895,573,260,3200,665
"Rochester, NY Metro Area",181932,5047,147393,4458,38,65,147355,4445,136357,4441,10998,1585,34539,2605,184749,5128,159846,4888,40,77,159806,4877,152485,4842,7321,1342,24903,2155
"Rockford, IL Metro Area",59637,3112,48420,2996,57,90,48363,2991,44718,2799,3645,1077,11217,1309,40827,3234,35552,2826,0,179,35552,2826,33731,2724,1821,568,5275,1328
"Rocky Mount, NC Metro Area",23728,2137,18680,2049,42,75,18638,2039,16305,1913,2333,682,5048,1033,12865,1839,10575,1623,0,193,10575,1623,10246,1522,329,315,2290,594
"Rome, GA Metro Area",16149,1717,12791,1620,143,222,12648,1600,11283,1531,1365,633,3358,777,9154,1270,7907,1181,0,208,7907,1181,7467,1085,440,290,1247,559
"Sacramento--Arden-Arcade--Roseville, CA Metro Area",425131,8688,334368,9042,1053,589,333315,8960,294499,8646,38816,3298,90763,4707,354359,6689,300015,6322,936,390,299079,6391,281803,6241,17276,2101,54344,3194
"Saginaw-Saginaw Township North, MI Metro Area",36718,2269,27813,1918,0,161,27813,1918,24852,1817,2961,663,8905,1204,21090,1554,18536,1401,0,161,18536,1401,17721,1468,815,391,2554,902
"St. Cloud, MN Metro Area",38238,2126,33573,1887,41,52,33532,1882,32006,1766,1526,494,4665,877,26043,1892,23159,1783,0,139,23159,1783,22879,1761,280,217,2884,781
"St. George, UT Metro Area",27404,2481,20223,2161,0,181,20223,2161,18752,2340,1471,657,7181,1406,13768,1664,10274,1637,0,181,10274,1637,9492,1547,782,522,3494,858
"St. Joseph, MO-KS Metro Area",19813,1522,14581,1521,0,184,14581,1521,13943,1541,638,333,5232,892,13951,1564,12096,1523,0,184,12096,1523,11372,1403,724,415,1855,483
"St. Louis, MO-IL Metro Area",506871,9423,416442,8540,1853,533,414589,8551,381115,8529,33474,3051,90429,4355,501475,9777,437720,8951,1190,347,436530,8999,421397,9036,15133,1793,63755,3425
"Salem, OR Metro Area",73587,3571,57758,2937,59,97,57699,2954,50508,2912,7191,1612,15829,1815,45180,3103,37503,3057,51,89,37452,3042,35382,3097,2070,663,7677,1525
"Salinas, CA Metro Area",60300,3325,44858,2904,1002,454,43856,2854,40904,2828,2952,812,15442,1633,48147,2834,40023,2460,1583,526,38440,2451,36390,2403,2050,646,8124,1294
"Salisbury, MD Metro Area",18236,1935,14131,1915,15,26,14116,1916,13479,1873,637,327,4105,1152,16857,2008,14651,1799,0,190,14651,1799,14070,1679,581,445,2206,790
"Salt Lake City, UT Metro Area",213839,6109,171278,5832,162,170,171116,5849,160634,5731,10482,1825,42561,3443,196533,5228,169044,4837,194,165,168850,4823,164422,4775,4428,1076,27489,2377
"San Angelo, TX Metro Area",19242,2066,16530,1969,1210,636,15320,1873,14704,1891,616,556,2712,674,10198,1507,8236,1479,892,747,7344,1297,7024,1250,320,309,1962,721
"San Antonio-New Braunfels, TX Metro Area",388259,9303,305500,9011,4725,1284,300775,8906,280448,8417,20327,2658,82759,4461,315314,8923,267982,8494,4936,1067,263046,8523,253690,8532,9356,1703,47332,3020
"San Diego-Carlsbad-San Marcos, CA Metro Area",560210,11519,425309,11204,18852,2586,406457,10739,368390,10085,38067,3151,134901,6986,597167,10038,510093,9649,11153,2589,498940,9888,474791,9434,24149,2315,87074,4602
"Sandusky, OH Metro Area",12815,1734,9952,1624,0,182,9952,1624,9178,1471,774,352,2863,872,8768,1464,7843,1350,0,182,7843,1350,7551,1380,292,213,925,399
"San Francisco-Oakland-Fremont, CA Metro Area",675910,11274,539639,11020,1229,590,538410,11117,489342,10995,49068,3680,136271,5413,1199306,13643,1037036,12451,1322,649,1035714,12400,982781,12539,52933,3874,162270,7382
"San Jose-Sunnyvale-Santa Clara, CA Metro Area",262267,7846,208916,7121,59,73,208857,7115,188393,6794,20464,2236,53351,3029,509343,7264,431066,6537,285,231,430781,6552,409929,6825,20852,2475,78277,3871
"San Luis Obispo-Paso Robles, CA Metro Area",54538,3861,41716,3640,318,370,41398,3652,38594,3541,2804,883,12822,1867,44496,3190,36551,2990,121,149,36430,3001,35679,2936,751,412,7945,1314
"Santa Barbara-Santa Maria-Goleta, CA Metro Area",62362,3826,47511,3125,772,448,46739,3102,42877,2961,3862,942,14851,2000,61011,3311,50726,3198,468,300,50258,3161,48608,3063,1650,736,10285,1339
"Santa Cruz-Watsonville, CA Metro Area",45242,3167,35159,2787,14,29,35145,2788,32445,2713,2700,814,10083,1316,53322,3132,46219,3209,39,65,46180,3219,44947,3087,1233,426,7103,1182
"Santa Fe, NM Metro Area",23765,2131,18122,1969,18,30,18104,1967,16836,1866,1268,678,5643,984,29522,2144,24732,2150,0,185,24732,2150,23594,2085,1138,473,4790,807
"Santa Rosa-Petaluma, CA Metro Area",94322,4451,73886,4264,263,302,73623,4252,66426,3852,7197,1350,20436,2067,80636,4750,67963,4055,0,197,67963,4055,64805,4027,3158,763,12673,2003
"Savannah, GA Metro Area",61825,3906,48219,3310,1997,698,46222,3301,43489,3161,2733,877,13606,1908,55991,3295,48797,3195,1097,657,47700,3142,45297,3041,2403,752,7194,1146
"Scranton--Wilkes-Barre, PA Metro Area",88235,3783,70412,3411,334,225,70078,3410,65008,3230,5070,938,17823,1803,75209,3758,66349,3722,48,68,66301,3737,64040,3631,2261,560,8860,1180
"Seattle-Tacoma-Bellevue, WA Metro Area",673439,12281,539850,10724,6294,1134,533556,10847,494270,10847,39286,3414,133589,5673,781957,11652,672127,10343,4967,1080,667160,10216,642270,10457,24890,2472,109830,5464
"Sebastian-Vero Beach, FL Metro Area",22079,2232,16677,2192,0,211,16677,2192,14776,1919,1901,960,5402,1307,15516,2103,12191,1904,0,211,12191,1904,11429,1857,762,454,3325,774
"Sheboygan, WI Metro Area",19774,1697,16953,1530,41,67,16912,1536,15866,1441,1046,477,2821,745,16808,1653,14786,1595,0,145,14786,1595,14407,1616,379,227,2022,571
"Sherman-Denison, TX Metro Area",25166,2022,18895,1939,0,206,18895,1939,17368,1699,1527,680,6271,1125,11798,1539,9805,1495,0,206,9805,1495,9522,1450,283,271,1993,675
"Shreveport-Bossier City, LA Metro Area",68478,4066,55009,3502,1047,513,53962,3481,50977,3355,2985,862,13469,1741,51642,3347,44819,3366,1433,647,43386,3398,42249,3388,1137,475,6823,1245
"Sioux City, IA-NE-SD Metro Area",23063,2074,19409,1970,24,32,19385,1974,18840,1969,545,363,3654,962,15519,1491,13858,1510,0,184,13858,1510,13766,1512,92,72,1661,603
"Sioux Falls, SD Metro Area",42404,2416,37526,2355,88,97,37438,2362,36372,2418,1066,501,4878,1002,39410,2469,35960,2406,152,167,35808,2372,35158,2379,650,324,3450,864
"South Bend-Mishawaka, IN-MI Metro Area",51389,2873,40288,2707,66,111,40222,2691,36461,2561,3761,932,11101,1230,45610,2418,40202,2229,0,184,40202,2229,38969,2311,1233,558,5408,947
"Spartanburg, SC Metro Area",47614,2878,37452,2565,0,197,37452,2565,34969,2429,2483,748,10162,1546,32230,2815,26547,2717,0,197,26547,2717,25735,2742,812,374,5683,1194
"Spokane, WA Metro Area",105171,4228,76469,3597,678,283,75791,3557,69484,3450,6307,1111,28702,2968,69335,3290,57581,3263,526,331,57055,3285,54980,3218,2075,541,11754,1407
"Springfield, IL Metro Area",35578,2430,29718,2221,133,112,29585,2243,27676,2262,1909,568,5860,1139,41005,2569,35000,2438,345,413,34655,2443,33733,2409,922,501,6005,1116
"Springfield, MA Metro Area",107374,4937,86005,4272,125,127,85880,4277,79926,4102,5954,1127,21369,2404,118038,5133,105449,5217,300,262,105149,5173,101008,5096,4141,1028,12589,1528
"Springfield, MO Metro Area",81819,4657,64144,4141,180,203,63964,4105,59807,3934,4157,1020,17675,2010,61208,3398,51449,3203,137,176,51312,3229,49767,3212,1545,680,9759,1578
"Springfield, OH Metro Area",22809,1891,18364,1821,0,182,18364,1821,16589,1687,1775,599,4445,745,12477,1701,10879,1727,83,136,10796,1726,10369,1613,427,323,1598,435
"State College, PA Metro Area",16085,1874,12310,1541,0,165,12310,1541,11582,1507,728,470,3775,951,29213,2263,25495,2093,0,165,25495,2093,24766,2151,729,410,3718,892
"Steubenville-Weirton, OH-WV Metro Area",20855,1872,16572,1747,0,184,16572,1747,16053,1743,519,247,4283,791,12393,1537,10385,1456,0,184,10385,1456,10077,1451,308,209,2008,708
"Stockton, CA Metro Area",122254,5580,95397,4639,59,97,95338,4616,83261,4631,12077,1791,26857,2815,67533,4543,56681,4047,0,197,56681,4047,53553,3754,3128,936,10852,1544
"Sumter, SC Metro Area",21960,1863,17409,1674,785,459,16624,1713,14636,1663,1988,772,4551,880,10368,1535,8678,1316,615,380,8063,1213,7913,1210,150,119,1690,659
"Syracuse, NY Metro Area",110598,3740,88204,3560,368,351,87836,3507,81622,3528,6214,1064,22394,1900,106168,3789,91274,3422,144,147,91130,3414,88266,3449,2864,829,14894,1693
"Tallahassee, FL Metro Area",56228,3813,44229,3710,54,95,44175,3707,41036,3665,3139,733,11999,1800,72093,3532,61646,3632,173,229,61473,3605,59328,3605,2145,834,10447,1496
"Tampa-St. Petersburg-Clearwater, FL Metro Area",476799,9470,372310,8506,2088,795,370222,8462,335834,7672,34388,3076,104489,4875,432224,13026,368594,12499,2400,669,366194,12328,348673,11661,17521,2187,63630,3866
"Terre Haute, IN Metro Area",28112,2100,21557,1741,10,18,21547,1743,20363,1786,1184,427,6555,1071,17968,2088,15197,2057,37,61,15160,2053,14771,2041,389,216,2771,623
"Texarkana, TX-Texarkana, AR Metro Area",24422,1962,18072,1777,85,143,17987,1783,16884,1784,1103,538,6350,1116,12353,1824,10101,1588,0,184,10101,1588,9486,1629,615,474,2252,679
"Toledo, OH Metro Area",117489,4132,94424,3449,44,59,94380,3448,87087,3436,7293,1476,23065,2376,83443,4077,72492,3767,0,182,72492,3767,70083,3735,2409,698,10951,1402
"Topeka, KS Metro Area",39856,2588,32522,2318,217,227,32305,2298,29822,2229,2483,1002,7334,1178,33878,2416,29531,2070,89,146,29442,2083,29283,2082,159,109,4347,1071
"Trenton-Ewing, NJ Metro Area",45259,2577,35441,2503,0,192,35441,2503,32005,2255,3436,1015,9818,1630,78497,3039,68786,2881,0,192,68786,2881,66142,2948,2644,651,9711,1580
"Tucson, AZ Metro Area",189078,5753,143267,5509,2809,880,140458,5681,129768,5649,10690,1602,45811,3663,144518,5455,119274,5383,1266,601,118008,5392,112973,5374,5035,1138,25244,2219
"Tulsa, OK Metro Area",167050,3839,131173,4043,370,205,130803,4011,122672,3882,8131,1075,35877,2403,136112,3367,115734,3306,0,149,115734,3306,111968,3315,3766,693,20378,1500
"Tuscaloosa, AL Metro Area",29480,2694,22133,2512,0,184,22133,2512,20216,2386,1917,620,7347,1347,31611,2434,27429,2413,0,184,27429,2413,25876,2389,1553,438,4182,929
"Tyler, TX Metro Area",38031,2752,29922,2574,0,206,29922,2574,28760,2590,1162,452,8109,1587,25244,2687,21698,2436,0,206,21698,2436,21415,2404,283,222,3546,926
"Utica-Rome, NY Metro Area",53483,2690,43157,2409,91,115,43066,2426,39822,2372,3244,769,10326,1377,37949,2568,32910,2650,76,124,32834,2635,31445,2437,1389,471,5039,875
"Valdosta, GA Metro Area",24155,2364,18333,2149,1151,495,17182,2070,14572,1933,2610,918,5822,1048,13848,1779,11747,1646,134,111,11613,1641,11401,1636,212,173,2101,576
"Vallejo-Fairfield, CA Metro Area",92561,3662,73013,3354,2752,1001,70261,3360,62194,3394,8067,1454,19548,1799,54567,3035,45915,2887,713,368,45202,2828,41664,2774,3538,847,8652,1337
"Victoria, TX Metro Area",21622,2078,17593,2009,0,206,17593,2009,16992,1937,601,431,4029,979,9300,1237,8126,1123,0,206,8126,1123,7989,1143,137,180,1174,619
"Vineland-Millville-Bridgeton, NJ Metro Area",20921,2153,15937,1878,0,192,15937,1878,14008,1646,1929,739,4984,960,12541,1523,10205,1553,0,192,10205,1553,9535,1543,670,352,2336,706
"Virginia Beach-Norfolk-Newport News, VA-NC Metro Area",335486,7937,273974,7427,18786,2024,255188,7296,236346,7097,18842,2255,61512,3689,264560,6809,227274,6335,14835,1802,212439,6392,205249,6418,7190,1142,37286,2527
"Visalia-Porterville, CA Metro Area",62325,3987,46983,3564,0,197,46983,3564,42668,3390,4315,947,15342,2227,31689,3831,27789,3746,22,36,27767,3742,26537,3650,1230,606,3900,976
"Waco, TX Metro Area",39645,2509,30446,2129,0,206,30446,2129,29003,2158,1443,628,9199,1515,25937,2682,22423,2353,33,57,22390,2349,21987,2323,403,325,3514,946
"Warner Robins, GA Metro Area",32827,2968,26276,2734,396,279,25880,2744,24128,2628,1752,818,6551,1327,20129,2908,18430,2718,937,523,17493,2678,16606,2720,887,1023,1699,710
"Washington-Arlington-Alexandria, DC-VA-MD-WV Metro Area",762135,13050,639092,11895,9867,1501,629225,12001,590854,11220,38371,3014,123043,4732,1637821,16612,1458538,16272,20384,1790,1438154,16411,1395537,16286,42617,3132,179283,5978
"Waterloo-Cedar Falls, IA Metro Area",25297,1589,21586,1464,36,60,21550,1457,20591,1512,959,375,3711,695,24350,2046,21089,1782,0,151,21089,1782,20670,1755,419,272,3261,735
"Wausau, WI Metro Area",23247,1678,20103,1729,16,26,20087,1727,18577,1575,1510,703,3144,743,18176,1831,16309,1645,0,145,16309,1645,15757,1603,552,237,1867,584
"Wenatchee-East Wenatchee, WA Metro Area",18605,2094,13407,1824,0,192,13407,1824,12470,1828,937,399,5198,1062,12399,1544,10875,1426,0,192,10875,1426,10595,1427,280,243,1524,620
"Wheeling, WV-OH Metro Area",25403,2247,19684,1891,0,184,19684,1891,17893,1586,1791,734,5719,980,15831,1653,13860,1493,0,184,13860,1493,13374,1478,486,261,1971,492
"Wichita, KS Metro Area",114154,5143,91573,4524,1138,518,90435,4527,85130,4292,5305,1116,22581,2361,94836,4244,82555,4027,624,405,81931,4011,79819,3870,2112,609,12281,1347
"Wichita Falls, TX Metro Area",27026,2244,21511,2064,892,584,20619,2049,19652,1998,967,523,5515,999,15684,1681,13746,1586,855,373,12891,1569,12630,1569,261,206,1938,553
"Williamsport, PA Metro Area",18411,1643,15254,1549,25,42,15229,1553,14621,1516,608,292,3157,626,12813,1601,11422,1496,0,165,11422,1496,10983,1460,439,259,1391,423
"Wilmington, NC Metro Area",69731,3663,52752,3395,242,219,52510,3344,48829,3372,3681,980,16979,2284,61132,3379,50051,3420,505,393,49546,3328,47456,3301,2090,636,11081,1699
"Winchester, VA-WV Metro Area",19688,2072,16704,1929,0,184,16704,1929,15618,1942,1086,574,2984,1056,18784,1696,16352,1703,0,184,16352,1703,15661,1711,691,364,2432,893
"Winston-Salem, NC Metro Area",75005,4288,58300,4169,43,71,58257,4162,53277,4151,4980,958,16705,1775,77533,3778,66130,3530,23,37,66107,3528,63129,3545,2978,809,11403,1238
"Worcester, MA Metro Area",125767,5555,106032,5480,220,264,105812,5469,98288,5225,7524,1310,19735,2099,155717,5411,136150,5032,75,120,136075,5037,130879,4924,5196,1124,19567,2115
"Yakima, WA Metro Area",36280,2298,28412,2313,63,104,28349,2298,25273,2292,3076,901,7868,1192,16885,2199,14289,1877,36,62,14253,1872,13817,1822,436,356,2596,612
"York-Hanover, PA Metro Area",62884,3275,51924,2973,133,123,51791,2987,48872,2968,2919,671,10960,1514,57040,3646,49043,3170,82,126,48961,3153,47702,3160,1259,507,7997,1303
"Youngstown-Warren-Boardman, OH-PA Metro Area",86777,3476,66297,3028,230,154,66067,3052,61135,3242,4932,987,20480,1976,60230,3064,51298,2934,0,184,51298,2934,48988,2825,2310,673,8932,1160
"Yuba City, CA Metro Area",34469,2543,26315,2576,1307,554,25008,2571,22852,2396,2156,845,8154,1281,14116,1886,11719,1769,653,614,11066,1652,10242,1562,824,381,2397,571
"Yuma, AZ Metro Area",31678,2707,24044,2316,416,258,23628,2306,21204,2164,2424,793,7634,1242,13587,2333,11399,2168,728,402,10671,2121,10029,2026,642,514,2188,602
