Geography,Estimate; Total:,Margin of Error; Total:,Estimate; Less than high school graduate:,Margin of Error; Less than high school graduate:,Estimate; Less than high school graduate: - In labor force:,Margin of Error; Less than high school graduate: - In labor force:,Estimate; Less than high school graduate: - In labor force: - In Armed Forces,Margin of Error; Less than high school graduate: - In labor force: - In Armed Forces,Estimate; Less than high school graduate: - In labor force: - Civilian:,Margin of Error; Less than high school graduate: - In labor force: - Civilian:,Estimate; Less than high school graduate: - In labor force: - Civilian: - Employed,Margin of Error; Less than high school graduate: - In labor force: - Civilian: - Employed,Estimate; Less than high school graduate: - In labor force: - Civilian: - Unemployed,Margin of Error; Less than high school graduate: - In labor force: - Civilian: - Unemployed,Estimate; Less than high school graduate: - Not in labor force,Margin of Error; Less than high school graduate: - Not in labor force,Estimate; High school graduate:,Margin of Error; High school graduate:,Estimate; High school graduate: - In labor force:,Margin of Error; High school graduate: - In labor force:,Estimate; High school graduate: - In labor force: - In Armed Forces,Margin of Error; High school graduate: - In labor force: - In Armed Forces,Estimate; High school graduate: - In labor force: - Civilian:,Margin of Error; High school graduate: - In labor force: - Civilian:,Estimate; High school graduate: - In labor force: - Civilian: - Employed,Margin of Error; High school graduate: - In labor force: - Civilian: - Employed,Estimate; High school graduate: - In labor force: - Civilian: - Unemployed,Margin of Error; High school graduate: - In labor force: - Civilian: - Unemployed,Estimate; High school graduate: - Not in labor force,Margin of Error; High school graduate: - Not in labor force
"Abilene, TX Metro Area",82270,1582,13820,1873,6484,1272,0,206,6484,1272,5347,1070,1137,620,7336,1366,25060,2273,16331,2017,242,230,16089,2007,15268,2047,821,437,8729,1335
"Akron, OH Metro Area",369311,1080,26613,2972,14519,2048,0,182,14519,2048,11338,1742,3181,982,12094,1975,120056,5351,91228,4194,0,182,91228,4194,82462,4125,8766,1850,28828,3019
"Albany, GA Metro Area",78159,1072,13689,2238,7681,1645,0,208,7681,1645,6202,1401,1479,905,6008,1154,21754,1689,14339,1433,28,56,14311,1432,12724,1307,1587,638,7415,1270
"Albany-Schenectady-Troy, NY Metro Area",466236,1818,29031,3211,16906,2415,0,185,16906,2415,13148,1964,3758,1071,12125,1666,116280,4738,87217,4081,172,168,87045,4092,79712,3902,7333,1374,29063,2816
"Albuquerque, NM Metro Area",476942,1656,51438,3778,30718,3015,0,185,30718,3015,26588,2984,4130,1110,20720,2151,119092,5832,83536,5036,172,159,83364,5059,75155,4352,8209,1825,35556,3180
"Alexandria, LA Metro Area",79560,598,11747,1561,5150,1114,0,193,5150,1114,4691,1077,459,268,6597,1310,28978,1980,19536,2203,0,193,19536,2203,17533,2000,2003,696,9442,1210
"Allentown-Bethlehem-Easton, PA-NJ Metro Area",436689,1481,34860,2661,23429,2338,0,184,23429,2338,19317,2238,4112,919,11431,1574,147217,5315,112312,4898,77,130,112235,4901,103317,4792,8918,1373,34905,3166
"Altoona, PA Metro Area",65677,463,4260,909,1964,684,0,165,1964,684,1565,633,399,261,2296,681,31792,1614,23744,1645,0,165,23744,1645,22367,1635,1377,486,8048,998
"Amarillo, TX Metro Area",129504,1321,21172,2326,12864,1620,0,206,12864,1620,12323,1594,541,392,8308,1613,31938,2886,23043,2407,0,206,23043,2407,21985,2428,1058,631,8895,1694
"Ames, IA Metro Area",38731,1036,1557,692,1059,544,0,151,1059,544,1048,541,11,19,498,436,5706,1292,4407,1126,0,151,4407,1126,4299,1117,108,126,1299,507
"Anchorage, AK Metro Area",216784,1696,13678,2265,7327,1535,0,143,7327,1535,5955,1237,1372,653,6351,1263,56143,4027,42545,3234,83,87,42462,3244,38669,3152,3793,832,13598,1825
"Anderson, IN Metro Area",67636,655,7010,1046,3638,875,0,184,3638,875,2772,716,866,556,3372,628,24997,1890,16785,1860,0,184,16785,1860,14266,1693,2519,880,8212,1292
"Anderson, SC Metro Area",97594,769,14588,1943,7771,1481,0,197,7771,1481,5657,1260,2114,799,6817,1498,30381,2534,20927,2210,0,197,20927,2210,19076,2118,1851,786,9454,1501
"Ann Arbor, MI Metro Area",179603,589,9279,1556,5014,1040,0,161,5014,1040,4083,959,931,490,4265,1046,28355,2569,19432,2205,0,161,19432,2205,17161,1985,2271,719,8923,1378
"Anniston-Oxford, AL Metro Area",60448,730,11439,1567,6174,1211,0,184,6174,1211,5007,1126,1167,614,5265,1102,19594,1845,13459,1707,0,184,13459,1707,11879,1540,1580,631,6135,1096
"Appleton, WI Metro Area",124683,832,5848,1084,4413,995,0,145,4413,995,4040,908,373,342,1435,532,37756,2315,30863,2094,0,145,30863,2094,28994,2040,1869,648,6893,1006
"Asheville, NC Metro Area",228667,1672,25436,2867,15196,2061,0,193,15196,2061,12793,1850,2403,909,10240,1858,57767,3870,38994,2975,0,193,38994,2975,34939,2876,4055,902,18773,2169
"Athens-Clarke County, GA Metro Area",89748,1992,11752,1541,6358,1053,0,208,6358,1053,5626,958,732,405,5394,1177,22825,2000,16112,1678,33,69,16079,1685,14725,1630,1354,643,6713,1511
"Atlanta-Sandy Springs-Marietta, GA Metro Area",2984089,4399,325902,12655,203131,10584,0,208,203131,10584,170063,9775,33068,3555,122771,7882,697049,13919,515869,14186,119,183,515750,14162,453032,12863,62718,4900,181180,7826
"Atlantic City-Hammonton, NJ Metro Area",144803,652,22946,2554,16913,2201,0,192,16913,2201,12378,2009,4535,1483,6033,1316,44582,3554,35097,3107,52,86,35045,3120,29701,3065,5344,1290,9485,1577
"Auburn-Opelika, AL Metro Area",70139,1145,7966,1542,3516,937,0,184,3516,937,3273,845,243,319,4450,1367,18916,2423,14150,2129,294,303,13856,2116,12943,2086,913,496,4766,971
"Augusta-Richmond County, GA-SC Metro Area",298941,2466,36396,3678,16935,2192,0,184,16935,2192,13889,1919,3046,1066,19461,2607,87611,5055,61383,4651,338,243,61045,4602,55274,4320,5771,1394,26228,2652
"Austin-Round Rock-San Marcos, TX Metro Area",1017242,2029,116386,6626,80346,5280,0,206,80346,5280,71561,5295,8785,1597,36040,3637,194159,8649,147657,7797,280,378,147377,7772,135853,7194,11524,2016,46502,3725
"Bakersfield-Delano, CA Metro Area",423259,513,115833,5177,71967,4449,0,197,71967,4449,59419,4292,12548,1794,43866,3517,107908,5327,73871,4215,81,115,73790,4217,63974,4113,9816,1568,34037,2924
"Baltimore-Towson, MD Metro Area",1497989,1768,125496,6242,73757,5039,0,190,73757,5039,58833,4709,14924,1924,51739,3876,381579,9419,288268,7657,924,524,287344,7579,256791,7693,30553,3049,93311,4724
"Bangor, ME Metro Area",80890,525,4611,930,2075,596,0,155,2075,596,1858,570,217,149,2536,722,30346,2199,21019,2043,0,155,21019,2043,19428,2034,1591,634,9327,1316
"Barnstable Town, MA Metro Area",106964,1109,5990,1577,3337,1027,0,195,3337,1027,2816,977,521,383,2653,992,23928,2119,18689,1804,103,174,18586,1815,16639,1798,1947,744,5239,1063
"Baton Rouge, LA Metro Area",427753,2087,49576,3959,29336,3217,0,193,29336,3217,25063,2906,4273,1229,20240,2658,141022,6278,107276,5643,230,326,107046,5605,99988,5573,7058,1546,33746,2908
"Battle Creek, MI Metro Area",70335,424,6028,1007,3428,847,0,161,3428,847,2865,755,563,280,2600,740,22899,1688,15954,1537,0,161,15954,1537,12910,1514,3044,925,6945,1093
"Bay City, MI Metro Area",56301,570,4841,907,1983,576,0,161,1983,576,1737,560,246,196,2858,803,18976,1781,12080,1253,0,161,12080,1253,10336,1266,1744,555,6896,1280
"Beaumont-Port Arthur, TX Metro Area",203851,1069,29882,3209,15684,1987,0,206,15684,1987,13267,1907,2417,649,14198,2408,69132,3191,47186,2826,0,206,47186,2826,42987,2693,4199,1065,21946,2213
"Bellingham, WA Metro Area",104785,1291,9341,2448,5772,1922,0,192,5772,1922,5415,1916,357,425,3569,1345,22695,2622,16757,2311,51,89,16706,2307,14804,2224,1902,794,5938,1178
"Bend, OR Metro Area",87150,1256,6305,1603,4525,1439,0,193,4525,1439,4021,1359,504,414,1780,763,19650,2660,15001,2517,0,193,15001,2517,12858,2138,2143,1146,4649,1234
"Billings, MT Metro Area",85582,887,3998,1044,2255,771,0,157,2255,771,1799,658,456,401,1743,621,24431,1955,19325,1887,102,169,19223,1829,18268,1797,955,427,5106,963
"Binghamton, NY Metro Area",127618,1192,8516,1363,4572,976,0,185,4572,976,3795,879,777,350,3944,841,38670,2589,28181,2184,0,185,28181,2184,24913,1866,3268,1080,10489,1533
"Birmingham-Hoover, AL Metro Area",610563,1815,69065,5076,35146,3309,0,184,35146,3309,29996,2921,5150,1278,33919,3270,155464,5666,106820,5142,0,184,106820,5142,96676,5161,10144,1882,48644,3408
"Bismarck, ND Metro Area",60611,535,1530,540,1173,445,0,141,1173,445,996,430,177,166,357,195,15341,1524,12380,1436,0,141,12380,1436,11905,1456,475,293,2961,839
"Blacksburg-Christiansburg-Radford, VA Metro Area",77119,2277,7682,1767,3650,1163,0,192,3650,1163,3641,1162,9,17,4032,1107,23056,2102,16780,2115,130,218,16650,2104,15716,2124,934,487,6276,1467
"Bloomington, IN Metro Area",91029,1593,7328,1330,4125,1079,0,184,4125,1079,3810,1047,315,202,3203,846,26302,2181,19639,2036,0,184,19639,2036,18506,1951,1133,480,6663,1109
"Bloomington-Normal, IL Metro Area",84653,758,2969,862,1997,745,0,179,1997,745,1602,687,395,296,972,461,19193,1693,15078,1742,0,179,15078,1742,13722,1678,1356,456,4115,828
"Boise City-Nampa, ID Metro Area",332704,2433,25542,3114,17523,2667,0,187,17523,2667,15216,2578,2307,831,8019,1247,81117,5084,59499,4934,74,109,59425,4926,55181,4748,4244,1334,21618,2130
"Boston-Cambridge-Quincy, MA-NH Metro Area",2552894,1958,187870,7404,113823,5598,0,184,113823,5598,94195,5775,19628,2558,74047,4673,575004,10965,453802,10133,87,107,453715,10141,407645,9545,46070,3778,121202,6172
"Boulder, CO Metro Area",162715,656,9140,1792,6239,1455,0,189,6239,1455,5513,1464,726,530,2901,795,18477,2003,15223,1762,0,189,15223,1762,14515,1749,708,308,3254,864
"Bowling Green, KY Metro Area",64151,1383,8027,1604,4289,959,0,181,4289,959,3693,909,596,280,3738,1316,20998,2233,14608,2000,0,181,14608,2000,13158,1726,1450,682,6390,1274
"Bremerton-Silverdale, WA Metro Area",136922,1156,7562,1554,4006,1174,0,192,4006,1174,3565,1125,441,308,3556,1069,31270,2554,22084,2026,1221,630,20863,2076,18963,2101,1900,779,9186,1387
"Bridgeport-Stamford-Norwalk, CT Metro Area",501380,204,36834,2869,28825,2490,0,193,28825,2490,24996,2446,3829,907,8009,1322,104704,5080,80173,4910,0,193,80173,4910,70941,4662,9232,1729,24531,2401
"Brownsville-Harlingen, TX Metro Area",189412,364,62588,3171,37163,2493,0,206,37163,2493,31988,2451,5175,1227,25425,2503,49497,3662,35722,3253,31,54,35691,3263,32038,2989,3653,1260,13775,2086
"Brunswick, GA Metro Area",56538,2207,7519,1679,4919,1422,0,208,4919,1422,4342,1344,577,435,2600,973,16901,1947,12711,1785,0,208,12711,1785,11590,1779,1121,604,4190,1117
"Buffalo-Niagara Falls, NY Metro Area",595996,817,41557,3142,20812,2329,0,185,20812,2329,17138,2092,3674,855,20745,2087,159772,5019,115686,4546,0,185,115686,4546,105319,4315,10367,1481,44086,3178
"Burlington, NC Metro Area",78632,538,11556,1533,7104,1228,0,193,7104,1228,6038,1165,1066,553,4452,996,22528,1817,16977,1828,0,193,16977,1828,15507,1800,1470,577,5551,1130
"Burlington-South Burlington, VT Metro Area",114267,680,6192,1054,4203,870,0,143,4203,870,3667,806,536,294,1989,606,28402,2000,22732,1861,32,52,22700,1865,21094,1884,1606,541,5670,1271
"Canton-Massillon, OH Metro Area",208107,857,16306,2107,8995,1530,0,182,8995,1530,7777,1381,1218,526,7311,1211,75549,3667,57425,3696,0,182,57425,3696,52290,3835,5135,1146,18124,1946
"Cape Coral-Fort Myers, FL Metro Area",311464,664,42667,4731,27285,3797,0,211,27285,3797,23320,3455,3965,1134,15382,2247,96394,5405,72021,4829,0,211,72021,4829,61876,4514,10145,1999,24373,3429
"Cape Girardeau-Jackson, MO-IL Metro Area",48040,1472,3890,879,2291,699,0,184,2291,699,1938,682,353,217,1599,502,16929,1797,11623,1401,0,184,11623,1401,11183,1402,440,279,5306,1030
"Carson City, NV Metro Area",29403,558,4951,1227,2920,934,0,200,2920,934,2375,942,545,374,2031,868,7089,1075,4984,926,0,200,4984,926,4300,866,684,353,2105,730
"Casper, WY Metro Area",42422,894,3258,819,2366,712,0,185,2366,712,2019,706,347,214,892,387,10716,1685,8048,1383,0,185,8048,1383,7287,1248,761,424,2668,935
"Cedar Rapids, IA Metro Area",136834,1010,5902,1376,4405,1142,0,151,4405,1142,3439,934,966,692,1497,620,32829,2477,24837,2395,0,151,24837,2395,23044,2162,1793,696,7992,1455
"Champaign-Urbana, IL Metro Area",109567,1055,5669,1299,3250,914,0,179,3250,914,2667,835,583,362,2419,819,23973,1930,18634,1905,0,179,18634,1905,17404,1739,1230,528,5339,1004
"Charleston, WV Metro Area",164383,1411,17002,2297,6649,1451,0,182,6649,1451,5880,1372,769,397,10353,1739,58864,2990,37796,2955,0,182,37796,2955,35235,2862,2561,977,21068,2148
"Charleston-North Charleston-Summerville, SC Metro Area",377130,1830,37487,3057,22180,2697,0,197,22180,2697,18680,2362,3500,1208,15307,1908,90044,5053,66611,4688,503,280,66108,4725,59366,4532,6742,1327,23433,2319
"Charlotte-Gastonia-Rock Hill, NC-SC Metro Area",1002946,1820,109019,5279,71325,4097,0,184,71325,4097,59868,4006,11457,2097,37694,3369,228883,7260,172615,5809,69,78,172546,5805,153766,5493,18780,2378,56268,3828
"Charlottesville, VA Metro Area",106824,2111,9282,1957,4464,1175,0,192,4464,1175,4117,1115,347,249,4818,1495,26233,2509,20443,2194,0,192,20443,2194,19842,2235,601,327,5790,1396
"Chattanooga, TN-GA Metro Area",287271,1833,35216,3471,18633,2528,0,184,18633,2528,15538,2288,3095,985,16583,2473,85817,4634,59196,4148,46,75,59150,4152,53181,4011,5969,1305,26621,3036
"Cheyenne, WY Metro Area",49354,1020,2640,1177,1163,511,0,185,1163,511,972,500,191,181,1477,941,14495,1999,11460,2043,59,98,11401,2053,10269,1827,1132,892,3035,1116
"Chicago-Joliet-Naperville, IL-IN-WI Metro Area",5148505,2716,587133,11477,384323,9250,0,184,384323,9250,328459,9636,55864,4051,202810,7234,1195213,15785,913948,15487,332,358,913616,15507,793298,14995,120318,5557,281265,8255
"Chico, CA Metro Area",106969,693,13812,1899,7254,1194,0,197,7254,1194,5992,1158,1262,473,6558,1400,21160,2287,13822,1746,0,197,13822,1746,11400,1606,2422,748,7338,1344
"Cincinnati-Middletown, OH-KY-IN Metro Area",1142928,3298,95642,6045,51541,3935,0,184,51541,3935,43497,3600,8044,1681,44101,3979,343951,9094,258309,7880,103,175,258206,7892,234024,7532,24182,2009,85642,4355
"Clarksville, TN-KY Metro Area",146642,1779,12157,1955,5211,1312,69,82,5142,1313,4482,1216,660,341,6946,1432,46657,3458,32939,3140,2583,926,30356,3109,27783,2939,2573,866,13718,1670
"Cleveland, TN Metro Area",62032,1413,8695,1540,4469,980,0,193,4469,980,3481,947,988,534,4226,1062,21979,2262,15076,1948,73,94,15003,1948,12562,1805,2441,801,6903,1181
"Cleveland-Elyria-Mentor, OH Metro Area",1097298,1254,98507,3912,52585,3508,0,182,52585,3508,40116,2889,12469,1728,45922,3118,303894,6749,225601,6792,180,185,225421,6819,200238,6264,25183,2206,78293,3947
"Coeur d'Alene, ID Metro Area",73566,666,4047,1041,2259,819,0,187,2259,819,1690,623,569,470,1788,783,20928,2422,14894,1917,0,187,14894,1917,12709,1816,2185,1004,6034,1292
"College Station-Bryan, TX Metro Area",100801,1902,16883,2196,11658,1807,0,206,11658,1807,10450,1571,1208,650,5225,1036,22357,2282,16246,2051,0,206,16246,2051,14291,2084,1955,835,6111,1106
"Colorado Springs, CO Metro Area",353152,1124,17334,2499,11346,2144,0,189,11346,2144,10126,1955,1220,555,5988,1086,74348,4184,54881,3727,3245,918,51636,3668,47712,3742,3924,867,19467,2115
"Columbia, MO Metro Area",85329,1001,3460,927,2232,875,0,177,2232,875,1870,844,362,241,1228,470,15403,1643,11184,1547,0,177,11184,1547,9612,1459,1572,743,4219,986
"Columbia, SC Metro Area",415436,2379,33580,3017,19392,2393,0,197,19392,2393,16172,2068,3220,1006,14188,1559,110758,6468,80707,5842,1173,687,79534,5911,69898,5312,9636,2062,30051,2876
"Columbus, GA-AL Metro Area",157475,2407,17954,2411,7657,1556,0,184,7657,1556,6260,1504,1397,477,10297,1709,40953,3160,26808,2673,1221,489,25587,2597,22866,2492,2721,694,14145,1938
"Columbus, IN Metro Area",41530,818,3300,1080,1704,702,0,184,1704,702,1484,677,220,211,1596,726,14360,1606,11811,1492,0,184,11811,1492,11520,1511,291,281,2549,591
"Columbus, OH Metro Area",1018799,1639,81019,4726,45594,3425,0,182,45594,3425,38303,3128,7291,1237,35425,3212,266512,7341,195696,6492,140,137,195556,6499,180306,6298,15250,2439,70816,4511
"Corpus Christi, TX Metro Area",223111,1556,41666,3549,26844,2970,0,206,26844,2970,24787,2827,2057,871,14822,2110,59755,3403,44425,3246,49,62,44376,3241,41549,3095,2827,1061,15330,2121
"Corvallis, OR Metro Area",40530,826,2306,1043,1182,703,0,193,1182,703,1171,704,11,18,1124,670,5388,1042,3456,944,127,211,3329,871,2944,821,385,336,1932,688
"Crestview-Fort Walton Beach-Destin, FL Metro Area",101272,876,7913,1495,5262,1228,0,211,5262,1228,4837,1159,425,343,2651,803,25984,2601,19233,2265,281,234,18952,2288,17187,2311,1765,680,6751,1243
"Cumberland, MD-WV Metro Area",51957,640,4623,1176,1681,705,0,184,1681,705,1600,707,81,97,2942,797,23015,1756,15146,1805,0,184,15146,1805,13536,1781,1610,633,7869,996
"Dallas-Fort Worth-Arlington, TX Metro Area",3582288,2954,557404,11260,382542,10136,0,206,382542,10136,347959,9597,34583,3687,174862,7261,787102,14457,597389,14208,267,217,597122,14172,546146,14005,50976,4272,189713,7858
"Dalton, GA Metro Area",72972,1452,22664,2347,15872,1831,0,208,15872,1831,13297,1710,2575,937,6792,1475,21000,2262,15329,1921,0,208,15329,1921,13770,1800,1559,649,5671,1354
"Danville, IL Metro Area",41478,566,4703,1069,2191,714,0,179,2191,714,1748,588,443,322,2512,740,15235,1472,10589,1257,0,179,10589,1257,9225,1109,1364,509,4646,891
"Danville, VA Metro Area",55872,712,7097,1173,3725,947,0,192,3725,947,3220,805,505,287,3372,795,19170,1559,12111,1335,0,192,12111,1335,11446,1384,665,377,7059,1239
"Davenport-Moline-Rock Island, IA-IL Metro Area",198019,1333,14074,1767,7931,1364,0,184,7931,1364,6893,1235,1038,409,6143,1103,54239,2952,40920,2629,0,184,40920,2629,37203,2369,3717,1049,13319,1577
"Dayton, OH Metro Area",434112,1445,38845,3920,22267,3081,0,182,22267,3081,17623,2639,4644,1058,16578,2314,123701,4708,88328,4848,0,182,88328,4848,79287,4263,9041,1805,35373,2613
"Decatur, AL Metro Area",81619,1141,13413,2170,8292,1665,0,184,8292,1665,6580,1394,1712,809,5121,1254,26377,2748,17473,2091,0,184,17473,2091,15627,2067,1846,666,8904,1445
"Decatur, IL Metro Area",56825,394,5594,959,2956,813,0,179,2956,813,1990,602,966,538,2638,670,17361,1681,13399,1519,0,179,13399,1519,11639,1446,1760,595,3962,703
"Deltona-Daytona Beach-Ormond Beach, FL Metro Area",250082,918,24149,2740,12679,1886,0,211,12679,1886,10879,1793,1800,767,11470,1704,87528,4568,57969,4031,0,211,57969,4031,51683,4014,6286,1304,29559,2769
"Denver-Aurora-Broomfield, CO Metro Area",1489474,1814,146143,6423,98275,5358,0,189,98275,5358,88366,5028,9909,1561,47868,3812,286258,7503,222077,6385,153,183,221924,6420,203310,6246,18614,2382,64181,3919
"Des Moines-West Des Moines, IA Metro Area",317424,1127,19360,2072,13497,1848,22,37,13475,1852,12072,1701,1403,488,5863,949,73892,3432,57377,3093,0,151,57377,3093,52827,3138,4550,1102,16515,1832
"Detroit-Warren-Livonia, MI Metro Area",2303666,1320,225821,6557,115827,5597,0,161,115827,5597,88037,4659,27790,2547,109994,4360,601568,11075,411953,8466,0,161,411953,8466,352168,8294,59785,3464,189615,6683
"Dothan, AL Metro Area",76565,553,11432,1289,6391,875,0,184,6391,875,5218,854,1173,370,5041,805,26976,1662,17570,1360,13,21,17557,1358,16347,1279,1210,396,9406,1071
"Dover, DE Metro Area",84607,894,10599,2597,6147,2111,0,182,6147,2111,5386,2036,761,511,4452,1041,28566,2826,21393,2547,141,180,21252,2542,17739,2221,3513,1304,7173,1437
"Dubuque, IA Metro Area",48340,410,1849,644,1242,509,0,151,1242,509,1151,495,91,96,607,337,15557,1310,12206,1175,60,99,12146,1170,11664,1189,482,270,3351,714
"Duluth, MN-WI Metro Area",146013,662,5965,711,2947,662,0,184,2947,662,2812,676,135,89,3018,500,41137,2161,28834,2110,67,74,28767,2124,25714,1840,3053,899,12303,1307
"Durham-Chapel Hill, NC Metro Area",281015,1839,31804,2814,20600,2349,0,193,20600,2349,17682,1889,2918,1137,11204,1915,47968,3720,34034,3446,0,193,34034,3446,31334,3192,2700,1010,13934,1953
"Eau Claire, WI Metro Area",84301,757,4739,1029,2590,693,0,145,2590,693,2249,632,341,255,2149,572,23247,1722,17692,1570,0,145,17692,1570,16409,1420,1283,507,5555,870
"El Centro, CA Metro Area",86940,848,25116,2165,12918,1791,152,249,12766,1792,10178,1548,2588,840,12198,1524,22074,2176,14478,1982,61,89,14417,1995,11776,1785,2641,1071,7596,1192
"Elizabethtown, KY Metro Area",64944,1182,6531,1598,3320,1128,0,181,3320,1128,2651,1019,669,485,3211,984,20721,1891,14907,1586,593,480,14314,1562,12651,1515,1663,644,5814,1099
"Elkhart-Goshen, IN Metro Area",99839,875,19659,2221,13307,1871,0,184,13307,1871,11703,1678,1604,712,6352,1139,35758,2777,26640,2565,0,184,26640,2565,25160,2400,1480,700,9118,1368
"Elmira, NY Metro Area",46622,757,4429,1108,2112,672,0,185,2112,672,1682,527,430,367,2317,709,15240,1622,10896,1417,16,29,10880,1413,10131,1369,749,394,4344,798
"El Paso, TX Metro Area",400926,594,79931,5125,44260,3812,0,206,44260,3812,39391,3524,4869,1218,35671,3289,99714,5014,72052,4650,2807,967,69245,4563,62323,4728,6922,1394,27662,2685
"Erie, PA Metro Area",143687,735,10087,1254,4614,939,0,165,4614,939,3859,853,755,353,5473,942,53545,2194,40203,2144,67,115,40136,2124,36637,2194,3499,924,13342,1557
"Eugene-Springfield, OR Metro Area",181738,1257,14874,2069,9743,1593,0,193,9743,1593,7868,1450,1875,624,5131,1239,44008,2728,30458,2595,0,193,30458,2595,26520,2382,3938,1002,13550,1837
"Evansville, IN-KY Metro Area",189630,1460,13605,1512,8193,1185,0,184,8193,1185,7025,1056,1168,517,5412,1145,61374,2939,45120,3063,0,184,45120,3063,41792,2899,3328,978,16254,1842
"Fairbanks, AK Metro Area",54343,1249,2559,1161,1144,737,0,143,1144,737,1144,737,0,143,1415,906,12943,1958,10086,1857,764,464,9322,1775,7831,1681,1491,965,2857,992
"Fargo, ND-MN Metro Area",110197,1058,3478,857,2660,854,0,184,2660,854,2286,764,374,361,818,405,22361,2444,18511,2275,0,184,18511,2275,18021,2214,490,319,3850,852
"Farmington, NM Metro Area",64463,406,8123,1120,4385,990,0,185,4385,990,3516,950,869,437,3738,692,20231,2058,13541,1678,0,185,13541,1678,11803,1536,1738,676,6690,1129
"Fayetteville, NC Metro Area",192796,1062,17378,2097,9322,1270,0,193,9322,1270,7607,1138,1715,560,8056,1553,49488,3023,34257,2424,3210,862,31047,2260,27483,2204,3564,723,15231,1656
"Fayetteville-Springdale-Rogers, AR-MO Metro Area",244497,2154,34105,3020,24302,2913,0,184,24302,2913,23283,2935,1019,528,9803,1548,73691,3914,55872,3647,0,184,55872,3647,52139,3557,3733,936,17819,2154
"Flagstaff, AZ Metro Area",65774,855,7503,1601,5048,1346,0,198,5048,1346,4329,1236,719,449,2455,636,16298,1865,12167,1727,37,65,12130,1712,10917,1654,1213,477,4131,901
"Flint, MI Metro Area",217450,604,16774,1893,8563,1298,0,161,8563,1298,5557,991,3006,905,8211,1324,71487,3144,44636,2548,0,161,44636,2548,37499,2493,7137,1375,26851,2032
"Florence, SC Metro Area",106151,681,14682,1866,6559,1374,0,197,6559,1374,5563,1202,996,577,8123,1447,34016,2386,23479,2117,82,140,23397,2125,20115,1989,3282,949,10537,1463
"Florence-Muscle Shoals, AL Metro Area",75483,957,10108,1704,5370,1160,0,184,5370,1160,4583,1105,787,471,4738,1037,25880,2193,17655,2104,0,184,17655,2104,16158,2030,1497,585,8225,1497
"Fond du Lac, WI Metro Area",53876,560,3748,890,2420,632,0,145,2420,632,2050,571,370,281,1328,461,19411,1453,16251,1321,0,145,16251,1321,15026,1255,1225,436,3160,660
"Fort Collins-Loveland, CO Metro Area",161905,667,7323,1370,4614,1097,0,189,4614,1097,3700,978,914,422,2709,708,26043,2606,21024,2512,0,189,21024,2512,19171,2292,1853,604,5019,1011
"Fort Smith, AR-OK Metro Area",154250,1456,23525,2317,12660,2021,0,184,12660,2021,11111,1923,1549,703,10865,1622,55499,2788,37447,2368,0,184,37447,2368,34961,2373,2486,703,18052,1621
"Fort Wayne, IN Metro Area",217425,599,20099,2327,11267,1672,0,184,11267,1672,8812,1386,2455,858,8832,1509,65893,3574,50372,3115,0,184,50372,3115,46762,2969,3610,982,15521,1679
"Fresno, CA Metro Area",460303,433,123923,4899,81372,4578,54,89,81318,4578,66038,4049,15280,2111,42551,3155,100577,4701,69619,4410,73,86,69546,4393,59239,4045,10307,1663,30958,2934
"Gadsden, AL Metro Area",54133,619,8973,1329,4254,906,0,184,4254,906,3389,859,865,509,4719,1037,18659,1529,12297,1293,0,184,12297,1293,10946,1205,1351,582,6362,1193
"Gainesville, FL Metro Area",128092,1625,10296,1756,5077,1208,0,211,5077,1208,3426,1060,1651,795,5219,1387,30231,3054,21516,2795,0,211,21516,2795,19173,2762,2343,751,8715,1608
"Gainesville, GA Metro Area",93825,1395,22328,2578,14555,1968,0,208,14555,1968,13171,1926,1384,662,7773,1688,26848,2754,20342,2736,0,208,20342,2736,18899,2673,1443,605,6506,1268
"Glens Falls, NY Metro Area",69540,564,6175,1121,3036,772,0,185,3036,772,2623,732,413,264,3139,741,25407,1613,19974,1639,0,185,19974,1639,18144,1491,1830,665,5433,829
"Goldsboro, NC Metro Area",64972,743,10883,1679,6422,1491,0,193,6422,1491,4908,1443,1514,845,4461,1137,18385,2312,13301,2045,53,68,13248,2045,11823,2092,1425,615,5084,1052
"Grand Forks, ND-MN Metro Area",46968,542,2649,647,1701,539,0,184,1701,539,1605,530,96,86,948,398,12429,1054,9875,932,0,184,9875,932,9409,924,466,208,2554,617
"Grand Junction, CO Metro Area",76326,1014,6987,1296,4797,1194,0,189,4797,1194,4252,1170,545,374,2190,795,22833,2494,18142,2263,0,189,18142,2263,16138,2130,2004,864,4691,1021
"Grand Rapids-Wyoming, MI Metro Area",412020,790,38373,2717,24687,2425,0,161,24687,2425,19428,2248,5259,1397,13686,1505,114406,4746,83625,4309,12,22,83613,4310,74486,4039,9127,1393,30781,2313
"Great Falls, MT Metro Area",41217,720,3489,826,1763,598,0,157,1763,598,1409,586,354,280,1726,614,13484,1270,10453,1169,99,87,10354,1164,9593,1149,761,462,3031,593
"Greeley, CO Metro Area",135831,504,20164,2132,14600,2176,0,189,14600,2176,13509,2191,1091,541,5564,1175,32665,2553,25382,2128,0,189,25382,2128,23145,2053,2237,689,7283,1249
"Green Bay, WI Metro Area",166136,1138,12807,1835,8562,1438,0,145,8562,1438,7930,1467,632,321,4245,977,52977,2799,41444,2307,0,145,41444,2307,39218,2302,2226,569,11533,1338
"Greensboro-High Point, NC Metro Area",387527,1168,49268,3442,30917,2872,0,193,30917,2872,25218,2368,5699,1342,18351,2060,107431,4831,80146,4164,0,193,80146,4164,69826,3927,10320,1621,27285,2221
"Greenville, NC Metro Area",94912,1590,11288,1655,6756,1210,0,193,6756,1210,6189,1247,567,354,4532,1115,23913,2456,17631,2065,36,63,17595,2066,15223,2035,2372,888,6282,1453
"Greenville-Mauldin-Easley, SC Metro Area",338017,1521,45375,3986,26012,2583,0,197,26012,2583,19508,2106,6504,1497,19363,2546,92220,4837,66568,4288,111,129,66457,4287,59439,3907,7018,1392,25652,2362
"Gulfport-Biloxi, MS Metro Area",135862,1736,16381,2460,9863,2105,0,198,9863,2105,8057,1907,1806,687,6518,1426,39689,3205,30238,2966,243,200,29995,2975,26782,2803,3213,1038,9451,1554
"Hagerstown-Martinsburg, MD-WV Metro Area",149955,1747,17392,2555,9083,1759,0,184,9083,1759,6860,1404,2223,832,8309,1663,55262,3752,41013,3511,48,82,40965,3520,37923,3426,3042,958,14249,1555
"Hanford-Corcoran, CA Metro Area",80644,783,20680,1624,10070,1472,0,197,10070,1472,8641,1293,1429,552,10610,1277,21567,2046,13077,1736,315,254,12762,1718,10470,1486,2292,769,8490,1214
"Harrisburg-Carlisle, PA Metro Area",297378,1419,25023,2513,15124,2006,0,165,15124,2006,12652,1838,2472,930,9899,1222,100589,3613,77392,3723,142,149,77250,3731,71243,3589,6007,1203,23197,2108
"Harrisonburg, VA Metro Area",58827,932,8806,1158,6089,896,0,192,6089,896,5189,838,900,569,2717,862,19156,1921,15405,1688,0,192,15405,1688,14525,1610,880,422,3751,946
"Hartford-West Hartford-East Hartford, CT Metro Area",650319,1380,51186,3626,29665,2825,0,193,29665,2825,23806,2684,5859,1143,21521,2553,163869,5526,129041,4984,101,170,128940,4967,113846,4684,15094,2029,34828,2527
"Hattiesburg, MS Metro Area",71200,1523,7655,1731,3917,1112,0,198,3917,1112,3196,994,721,482,3738,1121,21410,2391,14253,2039,0,198,14253,2039,12593,1855,1660,821,7157,1608
"Hickory-Lenoir-Morganton, NC Metro Area",192630,1452,33932,3022,16941,2087,0,193,16941,2087,13976,1919,2965,959,16991,2218,60222,3434,45128,2965,0,193,45128,2965,39819,2903,5309,1412,15094,2118
"Hinesville-Fort Stewart, GA Metro Area",40882,1709,4486,1197,2241,844,0,208,2241,844,1834,805,407,252,2245,817,12296,1588,9073,1458,673,352,8400,1448,7074,1383,1326,634,3223,835
"Holland-Grand Haven, MI Metro Area",133721,1154,8848,1656,6418,1488,0,161,6418,1488,5493,1312,925,508,2430,758,39905,2667,30599,2466,0,161,30599,2466,27471,2257,3128,1145,9306,1274
"Honolulu, HI Metro Area",514884,607,35006,2931,21658,2253,0,177,21658,2253,19792,2141,1866,704,13348,1748,128775,5450,96347,4879,5177,1093,91170,4871,83371,4644,7799,1179,32428,2540
"Hot Springs, AR Metro Area",48635,581,4570,1166,3135,1017,0,184,3135,1017,2743,1062,392,312,1435,525,14020,1816,8923,1629,0,184,8923,1629,7754,1416,1169,703,5097,1108
"Houma-Bayou Cane-Thibodaux, LA Metro Area",108105,1467,22375,2622,11464,1869,0,193,11464,1869,10270,1779,1194,705,10911,1659,42901,2985,32380,2704,0,193,32380,2704,30652,2689,1728,648,10521,1406
"Houston-Sugar Land-Baytown, TX Metro Area",3337642,3001,614418,16016,421554,13802,0,206,421554,13802,384930,13104,36624,3990,192864,7984,766555,15764,570751,12534,63,79,570688,12531,519263,11913,51425,4346,195804,8616
"Huntington-Ashland, WV-KY-OH Metro Area",149290,976,16011,1932,5565,1223,0,184,5565,1223,5016,1174,549,272,10446,1458,55970,3424,34685,2919,0,184,34685,2919,31438,2875,3247,1016,21285,2023
"Huntsville, AL Metro Area",233319,1287,22007,2852,12169,1734,0,184,12169,1734,10155,1430,2014,769,9838,1981,50288,3186,36594,2731,78,131,36516,2744,33547,2752,2969,798,13694,2110
"Idaho Falls, ID Metro Area",64436,897,6407,1153,4353,832,0,187,4353,832,4136,853,217,234,2054,787,16833,1809,12846,1590,0,187,12846,1590,11955,1559,891,472,3987,958
"Indianapolis-Carmel, IN Metro Area",970747,2131,95634,5080,56931,4032,0,184,56931,4032,49105,3685,7826,1802,38703,3195,258328,8407,195722,7067,96,102,195626,7066,177845,6798,17781,2174,62606,3990
"Iowa City, IA Metro Area",79145,972,4183,1207,3121,1017,0,151,3121,1017,3066,1016,55,91,1062,652,13336,1607,11259,1449,0,151,11259,1449,11193,1442,66,87,2077,666
"Ithaca, NY Metro Area",47198,1452,2592,1035,1233,497,0,185,1233,497,1024,470,209,207,1359,928,6591,1208,4867,1049,0,185,4867,1049,4498,1021,369,281,1724,550
"Jackson, MI Metro Area",85290,718,8627,1253,4437,992,0,161,4437,992,3392,872,1045,574,4190,824,30342,2295,19443,1940,0,161,19443,1940,17646,1834,1797,528,10899,1507
"Jackson, MS Metro Area",285824,1955,29552,3186,14494,2066,0,198,14494,2066,12031,1975,2463,736,15058,2327,74606,4187,47778,3597,89,114,47689,3625,42679,3162,5010,1259,26828,2584
"Jackson, TN Metro Area",58119,1102,7029,1360,4033,1032,0,193,4033,1032,3377,857,656,414,2996,809,19230,1910,14896,1729,0,193,14896,1729,13824,1719,1072,455,4334,1038
"Jacksonville, FL Metro Area",745199,2240,74133,5142,43912,4056,0,211,43912,4056,32427,3588,11485,2277,30221,2894,208370,8120,148065,7044,2202,853,145863,6980,127966,6655,17897,2393,60305,4432
"Jacksonville, NC Metro Area",83633,1185,4781,1450,3072,1288,0,193,3072,1288,2717,1252,355,341,1709,768,24099,2267,16170,1707,2430,733,13740,1547,12247,1520,1493,498,7929,1938
"Janesville, WI Metro Area",84109,715,10711,1520,6547,1073,0,145,6547,1073,6023,1034,524,276,4164,984,25037,2203,18567,1946,0,145,18567,1946,16677,1742,1890,555,6470,1095
"Jefferson City, MO Metro Area",78885,1315,7760,1116,3236,1051,0,177,3236,1051,3061,1016,175,191,4524,972,26071,1868,18148,1755,0,177,18148,1755,17339,1647,809,412,7923,958
"Johnson City, TN Metro Area",104511,1005,14293,1585,6916,962,0,193,6916,962,6029,944,887,594,7377,1241,35058,2498,24587,2357,0,193,24587,2357,23185,2331,1402,607,10471,1787
"Johnstown, PA Metro Area",73343,569,4392,721,1785,489,0,165,1785,489,1627,501,158,141,2607,546,32224,1655,22479,1363,0,165,22479,1363,20813,1319,1666,411,9745,994
"Jonesboro, AR Metro Area",62855,867,6426,1450,3398,1124,0,184,3398,1124,3324,1128,74,124,3028,804,22715,1923,17338,1622,0,184,17338,1622,16158,1576,1180,560,5377,1129
"Joplin, MO Metro Area",88047,909,11838,1965,7447,1310,0,177,7447,1310,6818,1226,629,335,4391,1198,29464,2296,21422,1738,0,177,21422,1738,19740,1811,1682,700,8042,1378
"Kalamazoo-Portage, MI Metro Area",165302,1149,11798,1498,6056,1241,0,161,6056,1241,4513,1087,1543,583,5742,934,38841,3095,26961,2704,0,161,26961,2704,23490,2390,3471,1137,11880,1649
"Kankakee-Bradley, IL Metro Area",57953,623,7520,1464,4166,834,0,179,4166,834,3386,813,780,486,3354,1150,18988,1720,14214,1552,0,179,14214,1552,13152,1524,1062,567,4774,901
"Kansas City, MO-KS Metro Area",1113306,2486,86842,4374,52406,3424,0,184,52406,3424,43871,3304,8535,1372,34436,3019,275445,7945,208041,7159,21,37,208020,7155,189444,7448,18576,2221,67404,4503
"Kennewick-Pasco-Richland, WA Metro Area",135980,1033,21378,2229,15504,1888,0,192,15504,1888,14103,1676,1401,635,5874,1407,31753,3145,23899,2984,0,192,23899,2984,21936,2797,1963,748,7854,1294
"Killeen-Temple-Fort Hood, TX Metro Area",214088,1420,20082,2131,9386,1571,0,206,9386,1571,8160,1440,1226,638,10696,1857,60268,4465,40106,3450,4102,974,36004,3224,33165,3135,2839,933,20162,2603
"Kingsport-Bristol-Bristol, TN-VA Metro Area",162860,1464,20671,2073,8626,1422,0,184,8626,1422,7724,1333,902,525,12045,1582,59758,2945,40408,2891,0,184,40408,2891,36190,2603,4218,1138,19350,2273
"Kingston, NY Metro Area",99955,831,8594,1490,4473,1136,0,185,4473,1136,3520,1054,953,485,4121,835,28342,2458,18217,1950,0,185,18217,1950,16238,1866,1979,792,10125,1995
"Knoxville, TN Metro Area",373369,1551,35634,3039,16981,2072,0,193,16981,2072,14362,1918,2619,718,18653,2248,99901,4213,71294,3574,0,193,71294,3574,63773,3499,7521,1503,28607,2640
"Kokomo, IN Metro Area",50183,1150,5127,1041,1890,622,0,184,1890,622,1669,572,221,166,3237,854,17593,1487,11666,1397,0,184,11666,1397,10794,1437,872,456,5927,1021
"La Crosse, WI-MN Metro Area",67151,664,2114,654,1202,471,0,184,1202,471,1084,412,118,130,912,477,18372,2150,14418,1762,0,184,14418,1762,13648,1700,770,412,3954,853
"Lafayette, IN Metro Area",94481,1352,8844,1537,5463,1334,0,184,5463,1334,4440,1109,1023,544,3381,862,25032,2045,18493,1908,0,184,18493,1908,17139,1892,1354,543,6539,1294
"Lafayette, LA Metro Area",148606,1209,20047,2914,12663,2462,0,193,12663,2462,10757,2234,1906,863,7384,1597,49429,3940,37006,3522,48,97,36958,3525,34476,3245,2482,1222,12423,1804
"Lake Charles, LA Metro Area",103467,985,13321,2201,7469,1621,0,193,7469,1621,5967,1318,1502,609,5852,1266,39849,3092,29359,2765,0,193,29359,2765,27162,2675,2197,934,10490,1326
"Lake Havasu City-Kingman, AZ Metro Area",99599,1404,18966,2685,8788,1534,0,198,8788,1534,6809,1337,1979,671,10178,2069,34859,3091,21010,2474,0,198,21010,2474,17747,2317,3263,1097,13849,2106
"Lakeland-Winter Haven, FL Metro Area",302062,699,46284,4498,26414,3289,0,211,26414,3289,22059,2883,4355,1262,19870,2606,107794,5277,74442,4819,0,211,74442,4819,63412,4309,11030,2243,33352,2864
"Lancaster, PA Metro Area",264864,811,36603,2919,23152,2190,0,165,23152,2190,20509,2186,2643,871,13451,1555,101092,4432,80312,4326,0,165,80312,4326,74510,4241,5802,1347,20780,1920
"Lansing-East Lansing, MI Metro Area",231827,955,14420,1455,8930,1291,0,161,8930,1291,6745,1034,2185,713,5490,960,54049,3237,38577,2757,0,161,38577,2757,33860,2657,4717,918,15472,1709
"Laredo, TX Metro Area",119294,473,39259,3065,19933,2131,0,206,19933,2131,18772,2010,1161,499,19326,2173,28725,2201,19551,2038,0,206,19551,2038,19011,2067,540,271,9174,1350
"Las Cruces, NM Metro Area",102171,775,19220,2734,12802,2380,0,185,12802,2380,10354,2302,2448,1010,6418,1342,23312,2929,16793,2169,57,101,16736,2175,15277,2213,1459,650,6519,1756
"Las Vegas-Paradise, NV Metro Area",1081293,816,163192,7588,112047,5285,0,200,112047,5285,94325,4995,17722,2134,51145,4200,318691,9916,245900,8382,228,199,245672,8365,209574,7822,36098,3302,72791,4334
"Lawrence, KS Metro Area",52963,1031,2379,850,1656,734,0,165,1656,734,1585,715,71,122,723,346,10668,1660,9097,1585,0,165,9097,1585,8083,1435,1014,504,1571,571
"Lawton, OK Metro Area",64437,1162,6119,1479,3058,979,0,149,3058,979,2377,853,681,444,3061,891,22147,2086,16124,1980,1317,611,14807,1902,13226,1734,1581,674,6023,1002
"Lebanon, PA Metro Area",69241,716,8137,1654,5437,1586,0,165,5437,1586,5114,1574,323,211,2700,809,29705,2246,23812,2159,0,165,23812,2159,22341,2040,1471,646,5893,1116
"Lewiston, ID-WA Metro Area",31317,954,2842,702,1747,555,0,184,1747,555,1611,568,136,129,1095,410,8627,1120,6378,974,0,184,6378,974,5824,896,554,324,2249,607
"Lewiston-Auburn, ME Metro Area",57549,535,3425,855,2022,690,0,155,2022,690,1709,617,313,274,1403,458,21566,1798,17302,1851,0,155,17302,1851,16248,1763,1054,579,4264,789
"Lexington-Fayette, KY Metro Area",257867,1433,26659,2598,16663,2231,0,181,16663,2231,15528,2010,1135,564,9996,1369,60769,3852,45231,3281,0,181,45231,3281,42376,3205,2855,807,15538,2152
"Lima, OH Metro Area",52887,766,3709,865,1672,560,0,182,1672,560,1454,536,218,212,2037,593,20382,1694,14504,1548,0,182,14504,1548,13325,1570,1179,404,5878,1027
"Lincoln, NE Metro Area",156113,1378,9373,1632,6301,1350,0,149,6301,1350,5404,1216,897,493,3072,809,30635,2394,24108,2122,66,87,24042,2128,22491,2042,1551,630,6527,1248
"Little Rock-North Little Rock-Conway, AR Metro Area",377448,2329,32410,3169,18959,2303,0,184,18959,2303,15950,2085,3009,1032,13451,2037,112911,5353,79797,4154,355,431,79442,4176,74024,3812,5418,1035,33114,2890
"Logan, UT-ID Metro Area",55434,998,3814,972,2492,778,0,184,2492,778,2221,727,271,241,1322,564,11767,1476,9434,1369,0,184,9434,1369,8874,1303,560,314,2333,578
"Longview, TX Metro Area",109572,1470,20462,2142,12354,1595,0,206,12354,1595,11101,1671,1253,606,8108,1482,31582,2086,21370,1911,0,206,21370,1911,19703,1731,1667,712,10212,1527
"Longview, WA Metro Area",53001,587,6498,1073,3665,925,0,192,3665,925,3201,899,464,301,2833,909,15314,1636,10229,1383,0,192,10229,1383,7799,1109,2430,1007,5085,962
"Los Angeles-Long Beach-Santa Ana, CA Metro Area",7037037,642,1417302,17707,975185,14614,0,197,975185,14614,864147,13738,111038,5733,442117,9369,1377281,16906,1035792,15019,1147,628,1034645,15091,915256,14126,119389,5008,341489,9931
"Louisville/Jefferson County, KY-IN Metro Area",704182,2568,66639,4361,35501,3316,0,184,35501,3316,29106,3054,6395,1240,31138,2859,214979,6742,158958,5795,232,210,158726,5802,142230,5329,16496,1876,56021,3993
"Lubbock, TX Metro Area",137591,714,18595,2310,11408,2061,0,206,11408,2061,10272,2003,1136,614,7187,1408,33523,3112,25393,2846,0,206,25393,2846,22763,2455,2630,983,8130,1489
"Lynchburg, VA Metro Area",127570,2277,13766,1597,7138,1011,0,192,7138,1011,6355,986,783,315,6628,1257,40865,2494,28304,2306,0,192,28304,2306,26432,2370,1872,655,12561,1774
"Macon, GA Metro Area",120964,1711,17762,2325,9431,1630,0,208,9431,1630,7805,1541,1626,582,8331,1621,38651,2583,25250,2234,0,208,25250,2234,23117,2068,2133,671,13401,1689
"Madera-Chowchilla, CA Metro Area",75140,678,22603,2247,14532,1940,0,197,14532,1940,13880,1824,652,521,8071,1502,19845,2411,9826,1602,0,197,9826,1602,9330,1657,496,303,10019,1679
"Madison, WI Metro Area",318618,755,14318,2152,10274,1753,0,145,10274,1753,9398,1686,876,423,4044,952,63923,3778,51672,3083,0,145,51672,3083,47900,2942,3772,684,12251,1605
"Manchester-Nashua, NH Metro Area",225744,1008,15385,2152,10549,1796,0,181,10549,1796,9305,1667,1244,655,4836,1064,58051,3659,46277,3269,73,118,46204,3271,44141,3123,2063,643,11774,1872
"Manhattan, KS Metro Area",60896,1117,3402,1009,1983,792,173,293,1810,746,1617,676,193,208,1419,866,15873,1905,13229,1685,1641,774,11588,1555,11041,1600,547,322,2644,766
"Mankato-North Mankato, MN Metro Area",46832,426,1748,519,1004,327,0,139,1004,327,930,333,74,119,744,338,12078,1084,10201,1154,0,139,10201,1154,9699,1054,502,262,1877,495
"Mansfield, OH Metro Area",64108,621,6982,1234,2888,820,0,182,2888,820,2574,757,314,247,4094,1021,25185,1801,18347,1852,0,182,18347,1852,16684,1837,1663,677,6838,1150
"McAllen-Edinburg-Mission, TX Metro Area",363293,934,119429,5580,73427,4736,0,206,73427,4736,63937,4335,9490,2227,46002,3790,88676,4657,63039,4038,0,206,63039,4038,56271,3911,6768,1479,25637,2680
"Medford, OR Metro Area",105195,1122,11166,1739,7887,1427,0,193,7887,1427,6268,1196,1619,802,3279,869,28092,2825,19497,2514,0,193,19497,2514,16785,2486,2712,885,8595,1572
"Memphis, TN-MS-AR Metro Area",704197,1599,83333,5054,44702,3548,0,184,44702,3548,36073,2992,8629,1564,38631,3155,196364,6408,142018,5691,139,169,141879,5687,125687,5369,16192,2345,54346,3338
"Merced, CA Metro Area",122787,703,38351,3382,25705,3056,0,197,25705,3056,22293,2814,3412,1011,12646,1596,33000,2937,24227,2830,0,197,24227,2830,18660,2410,5567,1546,8773,1362
"Miami-Fort Lauderdale-Pompano Beach, FL Metro Area",3086889,767,379758,12764,253994,9702,0,211,253994,9702,211625,9171,42369,3541,125764,7777,849755,16321,656858,13706,165,273,656693,13745,576135,14589,80558,5636,192897,9237
"Michigan City-La Porte, IN Metro Area",59906,625,6779,912,2864,690,0,184,2864,690,2491,684,373,210,3915,713,23853,1753,16212,1781,0,184,16212,1781,14583,1615,1629,608,7641,1191
"Midland, TX Metro Area",76174,662,11995,1871,8846,1606,0,206,8846,1606,8662,1591,184,202,3149,881,17788,2335,13769,2254,0,206,13769,2254,13342,2204,427,433,4019,1018
"Milwaukee-Waukesha-West Allis, WI Metro Area",833417,1550,71620,3680,42001,3267,0,145,42001,3267,35318,2802,6683,1077,29619,2585,208728,6335,159336,5787,0,145,159336,5787,143434,5352,15902,1762,49392,2842
"Minneapolis-St. Paul-Bloomington, MN-WI Metro Area",1850540,2640,109163,5131,72139,4741,0,184,72139,4741,62666,4163,9473,1767,37024,2976,368185,7961,289884,7471,132,169,289752,7463,266690,7580,23062,2338,78301,4639
"Missoula, MT Metro Area",59176,841,2002,968,1270,850,0,157,1270,850,1112,842,158,162,732,412,11960,1816,9322,1603,0,157,9322,1603,8218,1539,1104,597,2638,856
"Mobile, AL Metro Area",214012,990,28404,2771,13732,2121,0,184,13732,2121,10486,1731,3246,1272,14672,1832,68996,3845,46322,3418,168,200,46154,3435,40836,3096,5318,1303,22674,2338
"Modesto, CA Metro Area",262084,1087,54896,4341,36884,3585,0,197,36884,3585,29547,3212,7337,1545,18012,2202,73848,4276,54606,3740,71,115,54535,3734,44655,3357,9880,1935,19242,2301
"Monroe, LA Metro Area",89285,1159,11622,1631,5962,1389,0,193,5962,1389,5299,1293,663,395,5660,1083,30879,2395,18766,2035,0,193,18766,2035,17596,1965,1170,456,12113,1878
"Monroe, MI Metro Area",81297,586,5730,1323,3138,830,0,161,3138,830,2549,766,589,344,2592,946,29690,2043,20493,1788,0,161,20493,1788,18052,1578,2441,901,9197,1301
"Montgomery, AL Metro Area",197608,1359,24043,2463,11419,1778,0,184,11419,1778,9420,1662,1999,723,12624,1845,56230,4202,39728,3513,44,71,39684,3520,36547,3386,3137,871,16502,1806
"Morgantown, WV Metro Area",66670,898,5385,1057,2409,798,0,182,2409,798,2016,753,393,259,2976,689,23503,1970,16296,1791,0,182,16296,1791,15145,1783,1151,487,7207,1139
"Morristown, TN Metro Area",70351,1149,11734,1438,4444,808,0,193,4444,808,3598,741,846,417,7290,1382,28458,2082,20637,1921,0,193,20637,1921,18285,1987,2352,826,7821,1305
"Mount Vernon-Anacortes, WA Metro Area",59848,725,6034,1364,2902,811,0,192,2902,811,2616,801,286,193,3132,932,15785,1773,11476,1372,85,140,11391,1385,10354,1269,1037,445,4309,941
"Muncie, IN Metro Area",52689,505,5117,1239,2985,1046,0,184,2985,1046,2106,721,879,579,2132,601,18765,1931,13240,1702,0,184,13240,1702,11403,1645,1837,704,5525,1095
"Muskegon-Norton Shores, MI Metro Area",89372,767,9837,1368,4622,1044,0,161,4622,1044,3294,891,1328,647,5215,734,29707,2040,20269,1712,135,219,20134,1703,17614,1802,2520,689,9438,1217
"Myrtle Beach-North Myrtle Beach-Conway, SC Metro Area",147114,1133,18892,2648,11359,2236,0,197,11359,2236,9266,2027,2093,862,7533,1376,42993,2897,29140,2418,40,65,29100,2416,24696,2251,4404,962,13853,1962
"Napa, CA Metro Area",72641,493,14846,2389,12671,2398,0,197,12671,2398,11772,2499,899,401,2175,745,14759,1669,11334,1600,91,159,11243,1620,9309,1623,1934,655,3425,809
"Naples-Marco Island, FL Metro Area",152072,905,27601,3050,19561,2857,0,211,19561,2857,17720,2596,1841,896,8040,2043,40774,3734,31332,3257,0,211,31332,3257,29486,3270,1846,829,9442,1800
"Nashville-Davidson--Murfreesboro--Franklin, TN Metro Area",902203,3316,91220,5202,52334,4348,0,193,52334,4348,44724,4096,7610,1482,38886,2736,248274,7382,185459,7840,27,59,185432,7827,167863,7520,17569,2390,62815,3422
"New Haven-Milford, CT Metro Area",460338,385,42753,3565,24900,2880,0,193,24900,2880,21058,2525,3842,1031,17853,2191,132456,5313,103041,4909,0,193,103041,4909,88636,4925,14405,2364,29415,2826
"New Orleans-Metairie-Kenner, LA Metro Area",659107,1417,87378,5255,52621,4404,0,193,52621,4404,43240,3892,9381,2341,34757,3007,179658,5142,130556,4724,151,172,130405,4714,118017,4349,12388,1871,49102,3330
"New York-Northern New Jersey-Long Island, NY-NJ-PA Metro Area",10473643,2346,1361906,18989,882517,13835,0,184,882517,13835,765457,12878,117060,5535,479389,11814,2491271,27629,1862743,23884,698,391,1862045,23906,1663710,21778,198335,8538,628528,15208
"Niles-Benton Harbor, MI Metro Area",80840,513,8691,1345,4767,908,0,161,4767,908,3902,856,865,420,3924,845,24634,1737,18062,1437,0,161,18062,1437,15966,1452,2096,587,6572,1137
"North Port-Bradenton-Sarasota, FL Metro Area",337644,2087,32894,3242,23072,2925,0,211,23072,2925,18528,2485,4544,1570,9822,1792,99312,5283,74077,5231,0,211,74077,5231,64824,4916,9253,1957,25235,2341
"Norwich-New London, CT Metro Area",147348,1198,9904,1765,6535,1628,0,193,6535,1628,5080,1434,1455,633,3369,825,46756,2595,37378,2543,602,428,36776,2457,33405,2442,3371,953,9378,1552
"Ocala, FL Metro Area",154891,1390,18989,2728,9744,1847,0,211,9744,1847,8055,1786,1689,597,9245,2103,56001,3768,37214,3498,0,211,37214,3498,32386,3433,4828,1232,18787,2459
"Ocean City, NJ Metro Area",49463,691,4870,1377,3430,1238,0,192,3430,1238,2319,845,1111,734,1440,527,16182,1462,11744,1363,187,294,11557,1376,10017,1472,1540,499,4438,870
"Odessa, TX Metro Area",72509,1092,17946,1953,10795,1673,0,206,10795,1673,9788,1527,1007,609,7151,1487,20078,2156,15681,2100,0,206,15681,2100,15273,2069,408,279,4397,1007
"Ogden-Clearfield, UT Metro Area",274480,1154,17603,2192,13171,1836,0,181,13171,1836,12056,1787,1115,558,4432,1186,65974,3785,51218,3706,137,114,51081,3685,48035,3637,3046,839,14756,1789
"Oklahoma City, OK Metro Area",676072,1626,75327,3844,48311,3172,30,51,48281,3170,44358,2925,3923,889,27016,2190,178594,5833,127133,5020,316,176,126817,5057,118987,5082,7830,1392,51461,3119
"Olympia, WA Metro Area",139177,1215,7664,1512,4284,1204,0,192,4284,1204,3447,1133,837,459,3380,1003,31822,2799,24740,2254,372,258,24368,2266,21580,2165,2788,883,7082,1432
"Omaha-Council Bluffs, NE-IA Metro Area",470757,1091,41068,2700,27250,2555,0,184,27250,2555,23833,2425,3417,920,13818,1588,104782,3924,81985,3437,160,108,81825,3451,77054,3547,4771,1061,22797,1798
"Orlando-Kissimmee-Sanford, FL Metro Area",1182601,1857,124118,7746,81144,6234,0,211,81144,6234,66823,5117,14321,2625,42974,4150,329411,10157,247974,9437,0,211,247974,9437,214904,8895,33070,4152,81437,5986
"Oshkosh-Neenah, WI Metro Area",90594,819,5545,898,3025,703,0,145,3025,703,2800,674,225,202,2520,577,27051,2021,20350,1832,0,145,20350,1832,18160,1613,2190,672,6701,1074
"Owensboro, KY Metro Area",61568,1416,6893,1273,2604,918,0,181,2604,918,2389,890,215,268,4289,1079,24068,1691,17929,1747,0,181,17929,1747,16640,1837,1289,574,6139,928
"Oxnard-Thousand Oaks-Ventura, CA Metro Area",437483,722,74683,4015,55288,3317,0,197,55288,3317,49969,3395,5319,1198,19395,2299,75821,4672,57531,4449,529,255,57002,4468,49248,3843,7754,1730,18290,2134
"Palm Bay-Melbourne-Titusville, FL Metro Area",280751,686,24303,2989,13435,1872,0,211,13435,1872,10934,1846,2501,1131,10868,2066,76731,4822,55653,4170,318,370,55335,4088,46627,3752,8708,1863,21078,2391
"Palm Coast, FL Metro Area",47099,1243,4958,1717,1761,749,0,211,1761,749,1150,520,611,632,3197,1317,16044,1753,10716,1710,0,211,10716,1710,9730,1632,986,573,5328,1148
"Panama City-Lynn Haven-Panama City Beach, FL Metro Area",92480,750,9517,1881,5504,1425,0,211,5504,1425,4455,1273,1049,492,4013,1073,24269,2247,17108,1945,94,106,17014,1949,14937,1774,2077,747,7161,1209
"Parkersburg-Marietta-Vienna, WV-OH Metro Area",86773,1248,7128,1211,2865,769,0,184,2865,769,2599,723,266,213,4263,1029,34043,2132,23293,1927,0,184,23293,1927,21191,1787,2102,802,10750,1372
"Pascagoula, MS Metro Area",84500,1336,9398,1734,4997,1280,0,198,4997,1280,4071,1158,926,499,4401,892,25822,2655,16985,2091,0,198,16985,2091,15450,2033,1535,702,8837,1558
"Pensacola-Ferry Pass-Brent, FL Metro Area",241068,1790,24322,2551,12616,1962,81,135,12535,1960,10022,1857,2513,790,11706,1470,66499,4279,46193,3927,877,480,45316,3882,39849,3708,5467,1310,20306,2064
"Peoria, IL Metro Area",197334,862,13167,1724,7192,1442,0,179,7192,1442,6168,1264,1024,466,5975,1080,55985,3123,43691,3090,86,141,43605,3081,39835,2980,3770,1050,12294,1497
"Philadelphia-Camden-Wilmington, PA-NJ-DE-MD Metro Area",3212324,2183,278763,8688,147765,5528,0,184,147765,5528,120659,5181,27106,2953,130998,6130,924277,15269,686348,13232,402,326,685946,13205,602689,11780,83257,5264,237929,8435
"Phoenix-Mesa-Glendale, AZ Metro Area",2226719,1303,299132,8266,187133,8145,0,198,187133,8145,164443,7555,22690,2670,111999,5336,502336,10767,360022,9165,294,255,359728,9138,325633,7887,34095,3827,142314,6092
"Pine Bluff, AR Metro Area",51595,1159,7563,1271,2849,857,0,184,2849,857,2200,784,649,362,4714,989,20659,1935,11444,1332,0,184,11444,1332,10106,1333,1338,654,9215,1461
"Pittsburgh, PA Metro Area",1264145,1433,62004,3737,31079,2642,0,165,31079,2642,25311,2334,5768,1209,30925,2539,391284,8108,284230,7119,68,114,284162,7112,260434,6649,23728,2363,107054,4334
"Pittsfield, MA Metro Area",67319,723,4379,989,2228,682,0,195,2228,682,2020,661,208,147,2151,717,21495,2084,16483,1756,0,195,16483,1756,14427,1606,2056,664,5012,990
"Pocatello, ID Metro Area",44527,961,2492,684,1410,575,0,187,1410,575,1202,535,208,182,1082,439,13058,1822,9824,1770,0,187,9824,1770,8957,1671,867,372,3234,726
"Portland-South Portland-Biddeford, ME Metro Area",287624,973,16596,2511,9611,1721,0,155,9611,1721,8585,1668,1026,498,6985,1555,76150,4042,58366,3354,93,131,58273,3386,53540,3247,4733,1154,17784,2702
"Portland-Vancouver-Hillsboro, OR-WA Metro Area",1283578,2500,104053,5235,68515,5183,0,184,68515,5183,58697,4895,9818,1722,35538,3146,265902,8125,197954,7466,237,290,197717,7457,174778,7392,22939,2472,67948,3869
"Port St. Lucie, FL Metro Area",209759,1437,28163,3065,17008,2392,0,211,17008,2392,13681,2378,3327,1672,11155,1857,58570,4797,41469,4150,0,211,41469,4150,36910,3567,4559,1452,17101,2576
"Poughkeepsie-Newburgh-Middletown, NY Metro Area",350011,1050,31164,2463,18629,2162,37,61,18592,2166,16844,2177,1748,658,12535,1652,95503,4531,69489,3859,0,185,69489,3859,62367,3677,7122,1327,26014,2688
"Prescott, AZ Metro Area",103454,703,11631,1816,7678,1889,0,198,7678,1889,7135,1900,543,363,3953,1191,25433,2696,18864,2177,0,198,18864,2177,16643,2102,2221,790,6569,1320
"Providence-New Bedford-Fall River, RI-MA Metro Area",849168,1387,98771,5234,57252,3767,0,184,57252,3767,48500,3624,8752,1596,41519,3423,234088,8710,178742,7498,271,242,178471,7459,159306,7364,19165,2284,55346,4007
"Provo-Orem, UT Metro Area",231278,1165,16429,2053,11813,1719,0,181,11813,1719,10742,1658,1071,489,4616,1050,40756,3137,30684,2519,0,181,30684,2519,28652,2463,2032,612,10072,1298
"Pueblo, CO Metro Area",81372,585,8351,1688,4348,1221,0,189,4348,1221,3001,861,1347,724,4003,907,23410,1799,15544,1432,0,189,15544,1432,14149,1427,1395,458,7866,1283
"Punta Gorda, FL Metro Area",72694,1014,8108,1548,4663,1185,0,211,4663,1185,2552,761,2111,1029,3445,1092,21872,2226,13920,1854,0,211,13920,1854,12980,1809,940,406,7952,1657
"Racine, WI Metro Area",103956,952,9452,1525,5013,955,0,145,5013,955,4002,909,1011,533,4439,1283,29455,2269,22214,2067,0,145,22214,2067,20054,2022,2160,657,7241,1446
"Raleigh-Cary, NC Metro Area",655406,1189,58091,4901,37197,4333,0,193,37197,4333,31759,3988,5438,1549,20894,2281,123483,6198,92806,5709,162,255,92644,5744,83856,5371,8788,1820,30677,3047
"Rapid City, SD Metro Area",68560,1677,4720,1129,2577,731,0,147,2577,731,2403,713,174,185,2143,851,19876,2056,15762,1912,79,112,15683,1888,15217,1894,466,280,4114,888
"Reading, PA Metro Area",211970,688,26152,2508,16224,2129,0,165,16224,2129,13992,2187,2232,726,9928,1466,78457,3015,62561,2616,20,33,62541,2617,57778,2549,4763,978,15896,1800
"Redding, CA Metro Area",91544,982,9635,1610,5085,1432,0,197,5085,1432,4176,1167,909,553,4550,937,22969,2245,14801,1622,26,44,14775,1617,11965,1501,2810,928,8168,1450
"Reno-Sparks, NV Metro Area",231402,1195,31103,2809,21970,2516,0,200,21970,2516,18483,2194,3487,1202,9133,1576,52964,3785,41352,3718,0,200,41352,3718,35651,3386,5701,1277,11612,1550
"Richmond, VA Metro Area",694475,4020,74438,4597,42688,4264,0,192,42688,4264,36462,3726,6226,1449,31750,2786,180743,4929,135355,4832,745,528,134610,4842,122873,4709,11737,1646,45388,3296
"Riverside-San Bernardino-Ontario, CA Metro Area",2179365,1216,452546,9592,282381,7596,62,103,282319,7571,236815,7003,45504,3462,170165,6979,552254,12630,391520,10204,2513,1027,389007,10240,337946,9880,51061,3873,160734,6484
"Roanoke, VA Metro Area",166114,1746,16262,1932,9174,1531,0,192,9174,1531,8412,1455,762,436,7088,1334,49242,3561,35503,3331,0,192,35503,3331,32441,3139,3062,1039,13739,1689
"Rochester, MN Metro Area",100783,804,4444,1065,2652,690,0,139,2652,690,2453,658,199,154,1792,652,20245,1632,17069,1515,0,139,17069,1515,16341,1513,728,422,3176,675
"Rochester, NY Metro Area",553503,1277,42289,3087,23489,2262,0,185,23489,2262,19736,2001,3753,894,18800,2117,144533,5109,106245,4550,11,18,106234,4548,97834,4536,8400,1242,38288,2727
"Rockford, IL Metro Area",180748,998,20869,1897,13195,1712,0,179,13195,1712,10277,1458,2918,1032,7674,1233,59415,3594,46232,3381,0,179,46232,3381,41007,3360,5225,1247,13183,1516
"Rocky Mount, NC Metro Area",77867,1279,14172,2101,7311,1664,0,193,7311,1664,6153,1539,1158,640,6861,1317,27102,2336,19596,2287,0,193,19596,2287,16149,1916,3447,1105,7506,1393
"Rome, GA Metro Area",48996,893,10700,1371,5480,1017,0,208,5480,1017,4241,1084,1239,638,5220,904,12993,1487,9550,1410,0,208,9550,1410,7614,1384,1936,765,3443,846
"Sacramento--Arden-Arcade--Roseville, CA Metro Area",1152174,1490,130308,6090,78422,4764,0,197,78422,4764,64321,4046,14101,2092,51886,2979,242376,8022,176930,6481,277,291,176653,6528,149176,5916,27477,2693,65446,3868
"Saginaw-Saginaw Township North, MI Metro Area",99737,609,10723,1663,4388,1175,0,161,4388,1175,2808,658,1580,1070,6335,1122,31206,1911,19958,1648,0,161,19958,1648,17563,1651,2395,526,11248,1362
"St. Cloud, MN Metro Area",96253,912,5229,1207,3458,940,0,139,3458,940,3089,926,369,263,1771,613,26743,1804,21809,1740,0,139,21809,1740,20531,1794,1278,488,4934,915
"St. George, UT Metro Area",61080,800,5136,1140,3118,1023,0,181,3118,1023,2616,947,502,319,2018,638,14772,2090,11632,1971,0,181,11632,1971,10649,1940,983,538,3140,1071
"St. Joseph, MO-KS Metro Area",66402,1008,8128,1381,3799,837,0,184,3799,837,3370,812,429,298,4329,981,24510,1900,16985,1886,0,184,16985,1886,15480,1765,1505,631,7525,875
"St. Louis, MO-IL Metro Area",1509625,3052,122145,5377,70081,3808,0,184,70081,3808,56526,3657,13555,1863,52064,3409,379134,10123,281281,9033,100,130,281181,9035,251010,8623,30171,2958,97853,4843
"Salem, OR Metro Area",199714,1271,30250,2860,22570,2594,0,193,22570,2594,17606,2744,4964,1424,7680,1678,50697,3935,36661,3091,31,52,36630,3086,31463,2934,5167,1339,14036,2000
"Salinas, CA Metro Area",217647,1051,68399,3436,47293,3209,0,197,47293,3209,42585,3302,4708,1137,21106,1810,40801,2684,30708,2607,114,189,30594,2577,27807,2473,2787,744,10093,1498
"Salisbury, MD Metro Area",64139,1281,8707,1369,4499,1196,0,190,4499,1196,3989,1106,510,319,4208,1408,20339,1969,14155,2149,23,40,14132,2148,12688,2081,1444,537,6184,1257
"Salt Lake City, UT Metro Area",603204,1255,65247,4802,45472,4204,0,181,45472,4204,39866,4186,5606,1349,19775,2445,127585,5465,101058,5121,44,74,101014,5094,92910,5052,8104,1723,26527,2092
"San Angelo, TX Metro Area",56637,1013,7471,1412,4586,1018,0,206,4586,1018,4334,976,252,284,2885,812,19726,2619,15204,2695,38,72,15166,2688,13916,2378,1250,746,4522,1011
"San Antonio-New Braunfels, TX Metro Area",1159589,2300,165721,7179,100761,6329,0,206,100761,6329,91572,6030,9189,1709,64960,4213,290295,8862,219606,8046,628,355,218978,8026,203897,7869,15081,2269,70689,4043
"San Diego-Carlsbad-San Marcos, CA Metro Area",1699959,427,223166,7862,143364,6694,270,260,143094,6709,128583,6545,14511,1814,79802,4355,319416,9537,235227,9017,7969,1489,227258,8809,200891,7756,26367,3409,84189,4254
"Sandusky, OH Metro Area",39819,686,3803,1006,1842,583,0,182,1842,583,1631,495,211,172,1961,781,14433,1640,11516,1650,0,182,11516,1650,10854,1588,662,376,2917,716
"San Francisco-Oakland-Fremont, CA Metro Area",2550507,1450,277522,9325,183672,7274,0,197,183672,7274,161402,7045,22270,2425,93850,5081,397769,12214,300357,9978,40,66,300317,9974,265119,9242,35198,3705,97412,5478
"San Jose-Sunnyvale-Santa Clara, CA Metro Area",1056894,877,134032,6481,92968,5192,0,197,92968,5192,81431,4959,11537,1895,41064,3366,151252,6416,116564,5094,0,197,116564,5094,101224,5288,15340,1976,34688,3305
"San Luis Obispo-Paso Robles, CA Metro Area",135731,1205,12075,1911,8335,1848,0,197,8335,1848,7986,1839,349,308,3740,900,24622,2624,17905,2369,289,382,17616,2267,16248,2232,1368,566,6717,953
"Santa Barbara-Santa Maria-Goleta, CA Metro Area",208687,666,46043,3334,33519,2820,0,197,33519,2820,29316,2609,4203,1038,12524,1806,39271,3297,28755,2915,0,197,28755,2915,25873,2840,2882,652,10516,1440
"Santa Cruz-Watsonville, CA Metro Area",139631,750,19978,2675,15756,2447,0,197,15756,2447,14399,2262,1357,865,4222,1128,21089,2640,15492,2416,0,197,15492,2416,13897,2316,1595,675,5597,1196
"Santa Fe, NM Metro Area",80500,336,11582,1846,8426,1704,0,185,8426,1704,6913,1300,1513,629,3156,896,15631,1606,10707,1464,0,185,10707,1464,9664,1270,1043,614,4924,917
"Santa Rosa-Petaluma, CA Metro Area",265108,783,36748,2990,25441,2803,0,197,25441,2803,22258,2438,3183,1053,11307,1943,53402,4348,41125,3801,63,82,41062,3789,37548,3537,3514,1089,12277,1966
"Savannah, GA Metro Area",189479,1224,19015,2439,11040,1631,0,208,11040,1631,9425,1497,1615,680,7975,1680,52648,3200,39021,2962,598,345,38423,2903,34673,2644,3750,1104,13627,1784
"Scranton--Wilkes-Barre, PA Metro Area",293345,1035,24384,1996,13600,1570,0,165,13600,1570,11288,1352,2312,823,10784,1398,105517,3997,75235,3323,101,94,75134,3324,67866,3128,7268,1230,30282,2237
"Seattle-Tacoma-Bellevue, WA Metro Area",2021479,1597,152086,6508,97999,5031,0,192,97999,5031,87288,5049,10711,1596,54087,3518,413997,10660,312843,10180,2329,779,310514,10170,283584,9647,26930,2705,101154,5183
"Sebastian-Vero Beach, FL Metro Area",64488,1397,9827,2083,6527,1636,0,211,6527,1636,4163,1329,2364,1112,3300,1589,17066,2444,12643,2117,0,211,12643,2117,10415,1697,2228,1125,4423,1178
"Sheboygan, WI Metro Area",62045,790,5890,1406,4333,1126,0,145,4333,1126,3465,956,868,867,1557,605,19573,1631,15990,1507,0,145,15990,1507,14408,1426,1582,542,3583,631
"Sherman-Denison, TX Metro Area",61916,927,8584,1695,5522,1325,0,206,5522,1325,4927,1308,595,298,3062,871,16368,1713,11831,1618,0,206,11831,1618,11024,1582,807,410,4537,1186
"Shreveport-Bossier City, LA Metro Area",211155,1156,27386,2896,14972,1816,0,193,14972,1816,12752,1716,2220,871,12414,1977,63649,3501,44428,3005,421,277,44007,3034,40711,2919,3296,1128,19221,2358
"Sioux City, IA-NE-SD Metro Area",72540,1519,10571,1339,7928,1221,0,184,7928,1221,6964,1180,964,490,2643,796,23387,2188,18025,1783,0,184,18025,1783,16910,1791,1115,406,5362,1214
"Sioux Falls, SD Metro Area",128067,1075,8751,1458,6580,1295,0,147,6580,1295,5588,1166,992,524,2171,735,37502,2779,31514,2708,43,69,31471,2715,30397,2748,1074,484,5988,1190
"South Bend-Mishawaka, IN-MI Metro Area",161440,781,17468,1857,10734,1453,0,184,10734,1453,8389,1289,2345,701,6734,1076,46973,2436,35665,2502,0,184,35665,2502,32018,2439,3647,859,11308,1173
"Spartanburg, SC Metro Area",149569,749,24635,2914,12552,1909,0,197,12552,1909,10512,1740,2040,710,12083,1908,45090,2741,32370,2600,46,77,32324,2604,28865,2591,3459,1183,12720,1758
"Spokane, WA Metro Area",248972,1024,15245,2178,8130,1500,0,192,8130,1500,6999,1376,1131,563,7115,1505,59221,3859,43504,3658,145,105,43359,3644,38882,3370,4477,1113,15717,1824
"Springfield, IL Metro Area",114153,1018,7927,1491,4403,1248,0,179,4403,1248,3311,1037,1092,582,3524,1026,29643,2277,22741,2223,15,25,22726,2225,20802,2172,1924,589,6902,1300
"Springfield, MA Metro Area",355944,1504,36248,2726,18018,2057,0,195,18018,2057,15341,1908,2677,775,18230,1966,94284,4452,70070,4153,76,128,69994,4173,61872,3722,8122,1384,24214,2694
"Springfield, MO Metro Area",226734,1760,22171,2512,12095,1941,0,177,12095,1941,9316,1519,2779,966,10076,1475,61536,3847,45077,3438,0,177,45077,3438,41166,3370,3911,1014,16459,2239
"Springfield, OH Metro Area",69414,556,7486,1221,4128,887,0,182,4128,887,2890,710,1238,726,3358,786,26642,1988,18646,1628,0,182,18646,1628,16474,1498,2172,657,7996,1374
"State College, PA Metro Area",68902,1165,3616,914,1723,492,0,165,1723,492,1516,464,207,168,1893,749,19988,1978,14932,1641,10,17,14922,1639,13857,1503,1065,515,5056,894
"Steubenville-Weirton, OH-WV Metro Area",63391,1352,5473,1031,2071,682,0,184,2071,682,1951,681,120,108,3402,807,24670,2087,16388,1691,0,184,16388,1691,14851,1650,1537,495,8282,1086
"Stockton, CA Metro Area",349950,496,72728,5011,45099,3706,0,197,45099,3706,37002,3621,8097,1432,27629,2755,87435,5359,62553,4252,0,197,62553,4252,50214,3675,12339,2144,24882,2465
"Sumter, SC Metro Area",55142,552,6753,1405,3943,1110,0,197,3943,1110,2969,1017,974,485,2810,759,16061,2203,11982,1719,137,198,11845,1743,10727,1536,1118,622,4079,1176
"Syracuse, NY Metro Area",341052,963,28098,2328,14167,1846,0,185,14167,1846,12037,1758,2130,589,13931,1589,96188,4128,70388,3674,128,151,70260,3667,64685,3480,5575,1101,25800,2383
"Tallahassee, FL Metro Area",185137,2068,15007,1771,7401,1443,0,211,7401,1443,6043,1429,1358,531,7606,1347,41809,2938,28072,2454,0,211,28072,2454,24692,2451,3380,915,13737,1856
"Tampa-St. Petersburg-Clearwater, FL Metro Area",1499329,1672,153103,7481,91715,5762,0,211,91715,5762,75512,4985,16203,2246,61388,4171,437203,10228,311964,10033,0,211,311964,10033,273459,8340,38505,3647,125239,5714
"Terre Haute, IN Metro Area",88405,1673,10264,1555,4687,1170,0,184,4687,1170,4207,1077,480,287,5577,917,32061,2305,22671,1941,68,112,22603,1947,20541,1906,2062,605,9390,1282
"Texarkana, TX-Texarkana, AR Metro Area",71100,1060,7667,1283,3092,851,0,184,3092,851,2706,789,386,224,4575,1028,26658,2298,18177,1823,0,184,18177,1823,16815,1883,1362,668,8481,1438
"Toledo, OH Metro Area",332296,1257,28775,2553,15476,1747,0,182,15476,1747,11598,1654,3878,1103,13299,1584,102589,4513,75009,3971,0,182,75009,3971,66607,3766,8402,1261,27580,2631
"Topeka, KS Metro Area",121012,1196,9070,1454,4954,957,0,165,4954,957,4596,881,358,216,4116,964,38208,2834,28816,2458,0,165,28816,2458,26068,2229,2748,824,9392,1474
"Trenton-Ewing, NJ Metro Area",195994,597,19201,2173,12852,1723,0,192,12852,1723,9590,1517,3262,960,6349,1379,53037,3336,39967,3289,0,192,39967,3289,33659,2828,6308,1522,13070,2100
"Tucson, AZ Metro Area",498858,422,57836,4198,34173,3029,0,198,34173,3029,27932,2632,6241,1314,23663,2626,107426,4116,76422,4044,117,145,76305,4047,67418,4103,8887,1462,31004,2629
"Tulsa, OK Metro Area",496472,971,52225,2487,31684,1836,0,149,31684,1836,28049,1514,3635,697,20541,1521,141085,3119,102069,2679,15,24,102054,2677,94859,2503,7195,939,39016,2001
"Tuscaloosa, AL Metro Area",107930,1189,12642,2119,5220,1378,0,184,5220,1378,4432,1336,788,337,7422,1482,34197,2571,22465,2626,0,184,22465,2626,21231,2546,1234,464,11732,1544
"Tyler, TX Metro Area",104481,1033,15711,2285,10750,1981,0,206,10750,1981,10196,1966,554,349,4961,1251,25495,3092,17311,2570,0,206,17311,2570,16061,2476,1250,662,8184,1691
"Utica-Rome, NY Metro Area",154587,820,15116,1489,7172,989,0,185,7172,989,6309,965,863,258,7944,1187,48039,2673,34492,2297,23,39,34469,2296,30950,2141,3519,783,13547,1513
"Valdosta, GA Metro Area",68548,1445,10133,1745,5874,1252,0,208,5874,1252,4727,1119,1147,569,4259,1027,20412,2255,14451,1632,128,131,14323,1613,12380,1637,1943,705,5961,1158
"Vallejo-Fairfield, CA Metro Area",227753,380,27341,2353,15427,2175,0,197,15427,2175,12644,1917,2783,797,11914,1706,53284,3002,37837,2635,477,509,37360,2623,32427,2630,4933,1179,15447,1630
"Victoria, TX Metro Area",60583,1257,9323,1717,6112,1496,0,206,6112,1496,5610,1366,502,401,3211,835,20338,1950,15929,1724,0,206,15929,1724,14321,1564,1608,742,4409,1027
"Vineland-Millville-Bridgeton, NJ Metro Area",85585,398,18915,2012,10217,1675,0,192,10217,1675,8726,1628,1491,572,8698,1458,33208,2412,20431,1987,0,192,20431,1987,17490,1868,2941,908,12777,1726
"Virginia Beach-Norfolk-Newport News, VA-NC Metro Area",894964,3155,73898,4536,46561,3664,116,178,46445,3653,39068,3435,7377,1566,27337,2384,221020,6897,169270,6089,6672,1340,162598,6063,149224,5982,13374,1748,51750,3407
"Visalia-Porterville, CA Metro Area",212566,705,67372,3545,45286,2898,0,197,45286,2898,37020,2986,8266,1547,22086,2086,51180,3430,38210,2986,5,11,38205,2985,33659,2883,4546,1010,12970,1720
"Waco, TX Metro Area",113398,594,17518,1787,11470,1709,0,206,11470,1709,10173,1562,1297,623,6048,1384,30298,2555,22615,2137,0,206,22615,2137,19894,1902,2721,943,7683,1482
"Warner Robins, GA Metro Area",77957,1103,6399,1578,4293,1382,0,208,4293,1382,3744,1338,549,358,2106,784,18602,2102,12773,2116,8,15,12765,2114,11341,2064,1424,691,5829,1320
"Washington-Arlington-Alexandria, DC-VA-MD-WV Metro Area",3297942,3400,295483,10919,216703,9409,0,184,216703,9409,195386,9057,21317,2223,78780,4426,602503,12516,482023,11189,1829,723,480194,11211,436335,10157,43859,3642,120480,5369
"Waterloo-Cedar Falls, IA Metro Area",82214,969,7155,1138,4858,1020,0,151,4858,1020,4191,1032,667,413,2297,594,25412,1878,20318,1602,0,151,20318,1602,19429,1579,889,357,5094,957
"Wausau, WI Metro Area",71728,505,5106,933,3814,861,0,145,3814,861,2836,649,978,575,1292,376,25199,1715,20617,1638,35,59,20582,1643,19363,1634,1219,413,4582,824
"Wenatchee-East Wenatchee, WA Metro Area",56832,1033,9992,1570,7258,1204,0,192,7258,1204,6528,1218,730,429,2734,903,15836,2051,11225,1803,0,192,11225,1803,10019,1707,1206,573,4611,1167
"Wheeling, WV-OH Metro Area",78053,544,7432,1566,3902,1080,0,184,3902,1080,3709,1079,193,143,3530,862,29387,1589,20559,1656,0,184,20559,1656,18908,1500,1651,570,8828,1060
"Wichita, KS Metro Area",321870,1138,30347,3155,19870,2340,0,165,19870,2340,18200,2238,1670,644,10477,2007,82533,4594,60779,4271,246,323,60533,4256,54823,3992,5710,1092,21754,2282
"Wichita Falls, TX Metro Area",75484,860,7996,1108,3875,818,0,206,3875,818,3521,815,354,231,4121,862,24778,2085,17227,2012,98,161,17129,2019,16503,2027,626,321,7551,1422
"Williamsport, PA Metro Area",60572,582,5428,1039,3435,757,0,165,3435,757,2675,632,760,419,1993,620,23920,1737,17595,1422,0,165,17595,1422,16140,1351,1455,671,6325,1173
"Wilmington, NC Metro Area",197249,1084,18716,2750,11877,2115,0,193,11877,2115,9273,1744,2604,1205,6839,1767,47670,3164,33873,2929,115,192,33758,2990,30146,2890,3612,833,13797,1798
"Winchester, VA-WV Metro Area",69350,1730,7472,1454,4135,1029,0,184,4135,1029,3340,988,795,476,3337,1170,23406,2388,17341,2136,0,184,17341,2136,16103,2062,1238,609,6065,1134
"Winston-Salem, NC Metro Area",254388,1279,34686,3106,23169,2474,0,193,23169,2474,19094,2307,4075,1173,11517,1743,67164,3931,48891,3862,65,100,48826,3866,42187,3523,6639,1447,18273,1985
"Worcester, MA Metro Area",435572,332,34545,3297,17925,2805,0,195,17925,2805,14961,2388,2964,906,16620,1934,119543,5048,90973,4490,0,195,90973,4490,80798,4185,10175,1982,28570,3200
"Yakima, WA Metro Area",117473,527,34130,2337,24148,2090,0,192,24148,2090,21053,1947,3095,1153,9982,1359,30178,2473,21566,2243,0,192,21566,2243,20002,2205,1564,600,8612,1519
"York-Hanover, PA Metro Area",235415,565,21986,2244,14583,1665,0,165,14583,1665,12097,1636,2486,847,7403,1364,93505,3845,72949,3758,87,142,72862,3781,67038,3695,5824,1194,20556,1840
"Youngstown-Warren-Boardman, OH-PA Metro Area",288721,957,26002,2283,13440,1774,0,184,13440,1774,11609,1653,1831,576,12562,1327,115712,3777,78959,3527,0,184,78959,3527,72385,3236,6574,1117,36753,2410
"Yuba City, CA Metro Area",83187,702,15729,1678,9036,1140,0,197,9036,1140,6864,1018,2172,749,6693,1265,18873,2067,12721,1699,30,54,12691,1707,10627,1466,2064,655,6152,1085
"Yuma, AZ Metro Area",89065,500,24373,2064,15284,2043,0,198,15284,2043,12140,1747,3144,819,9089,1267,19427,2228,12348,2026,329,192,12019,2006,10779,2000,1240,472,7079,1289
